pair,date,ref_mode,leg_tag,side,size,entry,exit,reason,pips,weighted_pips,open_bar,close_bar
EURUSD,2015-01-05,pivot,BUY1,BUY,100.0,1.19469,1.18677,SL,-79.2,-7920.0,94107,94153
EURUSD,2015-01-05,pivot,SELL1,SELL,130.0,1.19469,1.18677,TP,79.2,10296.0,94107,94153
EURUSD,2015-01-06,pivot,BUY1,BUY,100.0,1.19374,1.18872,SL,-50.2,-5020.0,94131,94143
EURUSD,2015-01-06,pivot,SELL1,SELL,130.0,1.19374,1.18872,TP,50.2,6526.0,94131,94143
EURUSD,2015-01-13,pivot,BUY1,BUY,100.0,1.18319,1.17861,SL,-45.8,-4580.0,94299,94311
EURUSD,2015-01-13,pivot,SELL1,SELL,130.0,1.18319,1.17861,TP,45.8,5954.0,94299,94311
EURUSD,2015-01-17,pivot,BUY1,BUY,100.0,1.15626,1.16687,TP,106.1,10610.0,94395,94505
EURUSD,2015-01-17,pivot,SELL1,SELL,130.0,1.15626,1.146,TP,102.6,13338.0,94395,94529
EURUSD,2015-01-22,pivot,BUY1,BUY,100.0,1.16146,1.15412,SL,-73.4,-7340.0,94515,94528
EURUSD,2015-01-22,pivot,SELL1,SELL,130.0,1.16146,1.15412,TP,73.4,9542.0,94515,94528
EURUSD,2015-01-27,pivot,BUY1,BUY,100.0,1.12496,1.13154,TP,65.8,6580.0,94635,94643
EURUSD,2015-01-27,pivot,SELL1,SELL,130.0,1.12496,1.13877,TIME_EXIT,-138.1,-17953.0,94635,95066
EURUSD,2015-01-28,pivot,BUY1,BUY,100.0,1.13678,1.14425,TP,74.7,7470.0,94659,94816
EURUSD,2015-01-28,pivot,SELL1,SELL,130.0,1.13678,1.13877,TIME_EXIT,-19.9,-2587.0,94659,95090
EURUSD,2015-01-30,pivot,BUY1,BUY,100.0,1.13338,1.13878,TP,54.0,5400.0,94707,94816
EURUSD,2015-01-30,pivot,SELL1,SELL,130.0,1.13338,1.13322,TIME_EXIT,1.6,208.0,94707,95138
EURUSD,2015-02-03,pivot,BUY1,BUY,100.0,1.13386,1.13821,TP,43.5,4350.0,94803,94816
EURUSD,2015-02-03,pivot,SELL1,SELL,130.0,1.13386,1.12922,TP,46.4,6032.0,94803,94959
EURUSD,2015-02-04,pivot,BUY1,BUY,100.0,1.14564,1.13124,SL,-144.0,-14400.0,94827,94850
EURUSD,2015-02-04,pivot,SELL1,SELL,130.0,1.14564,1.13124,TP,144.0,18720.0,94827,94850
EURUSD,2015-02-06,pivot,BUY1,BUY,100.0,1.14705,1.13159,SL,-154.6,-15460.0,94875,94892
EURUSD,2015-02-06,pivot,SELL1,SELL,130.0,1.14705,1.13159,TP,154.6,20098.0,94875,94892
EURUSD,2015-02-10,pivot,BUY1,BUY,100.0,1.13242,1.13795,TP,55.3,5530.0,94971,95033
EURUSD,2015-02-10,pivot,SELL1,SELL,130.0,1.13242,1.12703,TP,53.9,7007.0,94971,95368
EURUSD,2015-02-11,pivot,BUY1,BUY,100.0,1.13185,1.13654,TP,46.9,4690.0,94995,95032
EURUSD,2015-02-11,pivot,SELL1,SELL,130.0,1.13185,1.12729,TP,45.6,5928.0,94995,95368
EURUSD,2015-02-18,pivot,BUY1,BUY,100.0,1.14039,1.13218,SL,-82.1,-8210.0,95163,95219
EURUSD,2015-02-18,pivot,SELL1,SELL,130.0,1.14039,1.13218,TP,82.1,10673.0,95163,95219
EURUSD,2015-02-21,pivot,BUY1,BUY,100.0,1.13772,1.1279,SL,-98.2,-9820.0,95235,95368
EURUSD,2015-02-21,pivot,SELL1,SELL,130.0,1.13772,1.1279,TP,98.2,12766.0,95235,95368
EURUSD,2015-02-26,pivot,BUY1,BUY,100.0,1.13637,1.13358,SL,-27.9,-2790.0,95355,95367
EURUSD,2015-02-26,pivot,SELL1,SELL,130.0,1.13637,1.13358,TP,27.9,3627.0,95355,95367
EURUSD,2015-03-13,pivot,BUY1,BUY,100.0,1.06267,1.0494,SL,-132.7,-13270.0,95715,95730
EURUSD,2015-03-13,pivot,SELL1,SELL,130.0,1.06267,1.0494,TP,132.7,17251.0,95715,95730
EURUSD,2015-03-17,pivot,BUY1,BUY,100.0,1.05715,1.06393,TP,67.8,6780.0,95811,95823
EURUSD,2015-03-17,pivot,SELL1,SELL,130.0,1.05715,1.09193,SL,-347.8,-45214.0,95811,95855
EURUSD,2015-03-19,pivot,BUY1,BUY,100.0,1.08486,1.09946,TIME_EXIT,146.0,14600.0,95859,96290
EURUSD,2015-03-19,pivot,SELL1,SELL,130.0,1.08486,1.09946,TIME_EXIT,-146.0,-18980.0,95859,96290
EURUSD,2015-03-21,pivot,BUY1,BUY,100.0,1.0816,1.09016,TP,85.6,8560.0,95907,95966
EURUSD,2015-03-21,pivot,SELL1,SELL,130.0,1.0816,1.0822,TIME_EXIT,-6.0,-780.0,95907,96338
EURUSD,2015-03-24,pivot,BUY1,BUY,100.0,1.09441,1.09913,TP,47.2,4720.0,95979,95987
EURUSD,2015-03-24,pivot,SELL1,SELL,130.0,1.09441,1.07673,TP,176.8,22984.0,95979,96154
EURUSD,2015-03-26,pivot,BUY1,BUY,100.0,1.09631,1.10344,TP,71.3,7130.0,96027,96035
EURUSD,2015-03-26,pivot,SELL1,SELL,130.0,1.09631,1.09042,TP,58.9,7657.0,96027,96044
EURUSD,2015-03-28,pivot,BUY1,BUY,100.0,1.08874,1.08011,SL,-86.3,-8630.0,96075,96151
EURUSD,2015-03-28,pivot,SELL1,SELL,130.0,1.08874,1.08011,TP,86.3,11219.0,96075,96151
EURUSD,2015-04-02,pivot,BUY1,BUY,100.0,1.07694,1.08199,TP,50.5,5050.0,96195,96201
EURUSD,2015-04-02,pivot,SELL1,SELL,130.0,1.07694,1.07184,TP,51.0,6630.0,96195,96376
EURUSD,2015-04-03,pivot,BUY1,BUY,100.0,1.08699,1.0925,TP,55.1,5510.0,96219,96230
EURUSD,2015-04-03,pivot,SELL1,SELL,130.0,1.08699,1.07502,TP,119.7,15561.0,96219,96368
EURUSD,2015-04-04,pivot,BUY1,BUY,100.0,1.09713,1.08638,SL,-107.5,-10750.0,96243,96323
EURUSD,2015-04-04,pivot,SELL1,SELL,130.0,1.09713,1.08638,TP,107.5,13975.0,96243,96323
EURUSD,2015-04-06,pivot,BUY1,BUY,100.0,1.09946,1.09713,SL,-23.3,-2330.0,96291,96297
EURUSD,2015-04-06,pivot,SELL1,SELL,130.0,1.09946,1.09713,TP,23.3,3029.0,96291,96297
EURUSD,2015-04-14,pivot,BUY1,BUY,100.0,1.05717,1.0639,TP,67.3,6730.0,96483,96495
EURUSD,2015-04-14,pivot,SELL1,SELL,130.0,1.05717,1.0919,SL,-347.3,-45149.0,96483,96811
EURUSD,2015-04-15,pivot,BUY1,BUY,100.0,1.06466,1.07274,TP,80.8,8080.0,96507,96531
EURUSD,2015-04-15,pivot,SELL1,SELL,130.0,1.06466,1.10074,SL,-360.8,-46904.0,96507,96851
EURUSD,2015-04-16,pivot,BUY1,BUY,100.0,1.06763,1.07217,TP,45.4,4540.0,96531,96531
EURUSD,2015-04-16,pivot,SELL1,SELL,130.0,1.06763,1.10017,SL,-325.4,-42302.0,96531,96851
EURUSD,2015-04-17,pivot,BUY1,BUY,100.0,1.07581,1.08375,TP,79.4,7940.0,96555,96565
EURUSD,2015-04-17,pivot,SELL1,SELL,130.0,1.07581,1.11175,SL,-359.4,-46722.0,96555,96857
EURUSD,2015-04-18,pivot,BUY1,BUY,100.0,1.08048,1.07335,SL,-71.3,-7130.0,96579,96637
EURUSD,2015-04-18,pivot,SELL1,SELL,130.0,1.08048,1.07335,TP,71.3,9269.0,96579,96637
EURUSD,2015-04-22,pivot,BUY1,BUY,100.0,1.07383,1.08011,TP,62.8,6280.0,96675,96713
EURUSD,2015-04-22,pivot,SELL1,SELL,130.0,1.07383,1.10811,SL,-342.8,-44564.0,96675,96857
EURUSD,2015-04-24,pivot,BUY1,BUY,100.0,1.08138,1.08652,TP,51.4,5140.0,96723,96729
EURUSD,2015-04-24,pivot,SELL1,SELL,130.0,1.08138,1.11452,SL,-331.4,-43082.0,96723,96857
EURUSD,2015-04-25,pivot,BUY1,BUY,100.0,1.08706,1.092,TP,49.4,4940.0,96747,96811
EURUSD,2015-04-25,pivot,SELL1,SELL,130.0,1.08706,1.12,SL,-329.4,-42822.0,96747,96874
EURUSD,2015-04-28,pivot,BUY1,BUY,100.0,1.08761,1.09466,TP,70.5,7050.0,96819,96830
EURUSD,2015-04-28,pivot,SELL1,SELL,130.0,1.08761,1.12266,SL,-350.5,-45565.0,96819,96874
EURUSD,2015-04-29,pivot,BUY1,BUY,100.0,1.09678,1.1011,TP,43.2,4320.0,96843,96852
EURUSD,2015-04-29,pivot,SELL1,SELL,130.0,1.09678,1.1291,SL,-323.2,-42016.0,96843,97024
EURUSD,2015-04-30,pivot,BUY1,BUY,100.0,1.11121,1.12079,TP,95.8,9580.0,96867,96874
EURUSD,2015-04-30,pivot,SELL1,SELL,130.0,1.11121,1.1444,TIME_EXIT,-331.9,-43147.0,96867,97298
EURUSD,2015-05-01,pivot,BUY1,BUY,100.0,1.12117,1.12862,TP,74.5,7450.0,96891,96905
EURUSD,2015-05-01,pivot,SELL1,SELL,130.0,1.12117,1.10712,TP,140.5,18265.0,96891,96995
EURUSD,2015-05-06,pivot,BUY1,BUY,100.0,1.11794,1.12431,TP,63.7,6370.0,97011,97017
EURUSD,2015-05-06,pivot,SELL1,SELL,130.0,1.11794,1.10663,TP,113.1,14703.0,97011,97353
EURUSD,2015-05-07,pivot,BUY1,BUY,100.0,1.13391,1.139,TP,50.9,5090.0,97035,97044
EURUSD,2015-05-07,pivot,SELL1,SELL,130.0,1.13391,1.1175,TP,164.1,21333.0,97035,97131
EURUSD,2015-05-13,pivot,BUY1,BUY,100.0,1.12187,1.12987,TP,80.0,8000.0,97179,97191
EURUSD,2015-05-13,pivot,SELL1,SELL,130.0,1.12187,1.11343,TP,84.4,10972.0,97179,97335
EURUSD,2015-05-14,pivot,BUY1,BUY,100.0,1.13469,1.14027,TP,55.8,5580.0,97203,97209
EURUSD,2015-05-14,pivot,SELL1,SELL,130.0,1.13469,1.12023,TP,144.6,18798.0,97203,97330
EURUSD,2015-05-15,pivot,BUY1,BUY,100.0,1.14022,1.13406,SL,-61.6,-6160.0,97227,97238
EURUSD,2015-05-15,pivot,SELL1,SELL,130.0,1.14022,1.13406,TP,61.6,8008.0,97227,97238
EURUSD,2015-05-28,pivot,BUY1,BUY,100.0,1.08975,1.0949,TP,51.5,5150.0,97539,97547
EURUSD,2015-05-28,pivot,SELL1,SELL,130.0,1.08975,1.1229,SL,-331.5,-43095.0,97539,97696
EURUSD,2015-05-30,pivot,BUY1,BUY,100.0,1.09831,1.09258,SL,-57.3,-5730.0,97587,97642
EURUSD,2015-05-30,pivot,SELL1,SELL,130.0,1.09831,1.09258,TP,57.3,7449.0,97587,97642
EURUSD,2015-06-03,pivot,BUY1,BUY,100.0,1.11477,1.12142,TP,66.5,6650.0,97683,97696
EURUSD,2015-06-03,pivot,SELL1,SELL,130.0,1.11477,1.13487,TIME_EXIT,-201.0,-26130.0,97683,98114
EURUSD,2015-06-04,pivot,BUY1,BUY,100.0,1.12609,1.1305,TP,44.1,4410.0,97707,97715
EURUSD,2015-06-04,pivot,SELL1,SELL,130.0,1.12609,1.10794,TP,181.5,23595.0,97707,97743
EURUSD,2015-06-09,pivot,BUY1,BUY,100.0,1.12802,1.13268,TP,46.6,4660.0,97827,97828
EURUSD,2015-06-09,pivot,SELL1,SELL,130.0,1.12802,1.11625,TIME_EXIT,117.7,15301.0,97827,98258
EURUSD,2015-06-10,pivot,BUY1,BUY,100.0,1.12926,1.13654,TP,72.8,7280.0,97851,97858
EURUSD,2015-06-10,pivot,SELL1,SELL,130.0,1.12926,1.1214,TP,78.6,10218.0,97851,97887
EURUSD,2015-06-13,pivot,BUY1,BUY,100.0,1.12631,1.13165,TP,53.4,5340.0,97923,98001
EURUSD,2015-06-13,pivot,SELL1,SELL,130.0,1.12631,1.11512,TP,111.9,14547.0,97923,98176
EURUSD,2015-06-20,pivot,BUY1,BUY,100.0,1.13487,1.14072,TP,58.5,5850.0,98091,98154
EURUSD,2015-06-20,pivot,SELL1,SELL,130.0,1.13487,1.1292,TP,56.7,7371.0,98091,98165
EURUSD,2015-06-25,pivot,BUY1,BUY,100.0,1.12056,1.11597,SL,-45.9,-4590.0,98211,98220
EURUSD,2015-06-25,pivot,SELL1,SELL,130.0,1.12056,1.11597,TP,45.9,5967.0,98211,98220
EURUSD,2015-06-26,pivot,BUY1,BUY,100.0,1.12029,1.11537,SL,-49.2,-4920.0,98235,98249
EURUSD,2015-06-26,pivot,SELL1,SELL,130.0,1.12029,1.11537,TP,49.2,6396.0,98235,98249
EURUSD,2015-06-30,pivot,BUY1,BUY,100.0,1.12184,1.09742,SL,-244.2,-24420.0,98331,98472
EURUSD,2015-06-30,pivot,SELL1,SELL,130.0,1.12184,1.09742,TP,244.2,31746.0,98331,98472
EURUSD,2015-07-03,pivot,BUY1,BUY,100.0,1.10857,1.10365,SL,-49.2,-4920.0,98403,98472
EURUSD,2015-07-03,pivot,SELL1,SELL,130.0,1.10857,1.10365,TP,49.2,6396.0,98403,98472
EURUSD,2015-07-07,pivot,BUY1,BUY,100.0,1.10474,1.09936,SL,-53.8,-5380.0,98499,98507
EURUSD,2015-07-07,pivot,SELL1,SELL,130.0,1.10474,1.09936,TP,53.8,6994.0,98499,98507
EURUSD,2015-07-08,pivot,BUY1,BUY,100.0,1.10073,1.10717,TP,64.4,6440.0,98523,98536
EURUSD,2015-07-08,pivot,SELL1,SELL,130.0,1.10073,1.09163,TP,91.0,11830.0,98523,98716
EURUSD,2015-07-09,pivot,BUY1,BUY,100.0,1.10708,1.11127,TP,41.9,4190.0,98547,98552
EURUSD,2015-07-09,pivot,SELL1,SELL,130.0,1.10708,1.09743,TP,96.5,12545.0,98547,98667
EURUSD,2015-07-10,pivot,BUY1,BUY,100.0,1.10606,1.11449,TP,84.3,8430.0,98571,98580
EURUSD,2015-07-10,pivot,SELL1,SELL,130.0,1.10606,1.09915,TP,69.1,8983.0,98571,98666
EURUSD,2015-07-11,pivot,BUY1,BUY,100.0,1.11519,1.10549,SL,-97.0,-9700.0,98595,98651
EURUSD,2015-07-11,pivot,SELL1,SELL,130.0,1.11519,1.10549,TP,97.0,12610.0,98595,98651
EURUSD,2015-07-13,pivot,BUY1,BUY,100.0,1.11292,1.11719,TP,42.7,4270.0,98643,98649
EURUSD,2015-07-13,pivot,SELL1,SELL,130.0,1.11292,1.10918,TP,37.4,4862.0,98643,98650
EURUSD,2015-07-22,pivot,BUY1,BUY,100.0,1.09363,1.09885,TP,52.2,5220.0,98859,98890
EURUSD,2015-07-22,pivot,SELL1,SELL,130.0,1.09363,1.09618,TIME_EXIT,-25.5,-3315.0,98859,99290
EURUSD,2015-07-23,pivot,BUY1,BUY,100.0,1.0924,1.09866,TP,62.6,6260.0,98883,98890
EURUSD,2015-07-23,pivot,SELL1,SELL,130.0,1.0924,1.08693,TP,54.7,7111.0,98883,99196
EURUSD,2015-07-24,pivot,BUY1,BUY,100.0,1.0987,1.10379,TP,50.9,5090.0,98907,98985
EURUSD,2015-07-24,pivot,SELL1,SELL,130.0,1.0987,1.09216,TP,65.4,8502.0,98907,99064
EURUSD,2015-07-28,pivot,BUY1,BUY,100.0,1.10884,1.0971,SL,-117.4,-11740.0,99003,99046
EURUSD,2015-07-28,pivot,SELL1,SELL,130.0,1.10884,1.0971,TP,117.4,15262.0,99003,99046
EURUSD,2015-07-29,pivot,BUY1,BUY,100.0,1.10651,1.10221,SL,-43.0,-4300.0,99027,99042
EURUSD,2015-07-29,pivot,SELL1,SELL,130.0,1.10651,1.10221,TP,43.0,5590.0,99027,99042
EURUSD,2015-07-31,pivot,BUY1,BUY,100.0,1.09404,1.10047,TP,64.3,6430.0,99075,99087
EURUSD,2015-07-31,pivot,SELL1,SELL,130.0,1.09404,1.08933,TP,47.1,6123.0,99075,99189
EURUSD,2015-08-06,pivot,BUY1,BUY,100.0,1.09029,1.09542,TP,51.3,5130.0,99219,99255
EURUSD,2015-08-06,pivot,SELL1,SELL,130.0,1.09029,1.12342,SL,-331.3,-43069.0,99219,99575
EURUSD,2015-08-07,pivot,BUY1,BUY,100.0,1.09223,1.08737,BOTH_SL,-48.6,-4860.0,99243,99255
EURUSD,2015-08-07,pivot,SELL1,SELL,130.0,1.09223,1.08737,TP,48.6,6318.0,99243,99255
EURUSD,2015-08-11,pivot,BUY1,BUY,100.0,1.10155,1.10614,TP,45.9,4590.0,99339,99351
EURUSD,2015-08-11,pivot,SELL1,SELL,130.0,1.10155,1.13414,SL,-325.9,-42367.0,99339,99594
EURUSD,2015-08-12,pivot,BUY1,BUY,100.0,1.10416,1.11082,TP,66.6,6660.0,99363,99370
EURUSD,2015-08-12,pivot,SELL1,SELL,130.0,1.10416,1.13882,SL,-346.6,-45058.0,99363,99599
EURUSD,2015-08-13,pivot,BUY1,BUY,100.0,1.11547,1.10242,SL,-130.5,-13050.0,99387,99520
EURUSD,2015-08-13,pivot,SELL1,SELL,130.0,1.11547,1.10242,TP,130.5,16965.0,99387,99520
EURUSD,2015-08-14,pivot,BUY1,BUY,100.0,1.11581,1.108,SL,-78.1,-7810.0,99411,99490
EURUSD,2015-08-14,pivot,SELL1,SELL,130.0,1.11581,1.108,TP,78.1,10153.0,99411,99490
EURUSD,2015-08-25,pivot,BUY1,BUY,100.0,1.15806,1.13692,SL,-211.4,-21140.0,99675,99711
EURUSD,2015-08-25,pivot,SELL1,SELL,130.0,1.15806,1.13692,TP,211.4,27482.0,99675,99711
EURUSD,2015-08-26,pivot,BUY1,BUY,100.0,1.15534,1.13968,SL,-156.6,-15660.0,99699,99711
EURUSD,2015-08-26,pivot,SELL1,SELL,130.0,1.15534,1.13968,TP,156.6,20358.0,99699,99711
EURUSD,2015-09-01,pivot,BUY1,BUY,100.0,1.1224,1.12824,TP,58.4,5840.0,99843,99849
EURUSD,2015-09-01,pivot,SELL1,SELL,130.0,1.1224,1.11803,TP,43.7,5681.0,99843,99903
EURUSD,2015-09-02,pivot,BUY1,BUY,100.0,1.12952,1.12232,SL,-72.0,-7200.0,99867,99881
EURUSD,2015-09-02,pivot,SELL1,SELL,130.0,1.12952,1.12232,TP,72.0,9360.0,99867,99881
EURUSD,2015-09-05,pivot,BUY1,BUY,100.0,1.11499,1.12095,TP,59.6,5960.0,99939,100015
EURUSD,2015-09-05,pivot,SELL1,SELL,130.0,1.11499,1.11203,TIME_EXIT,29.6,3848.0,99939,100370
EURUSD,2015-09-09,pivot,BUY1,BUY,100.0,1.12067,1.11525,SL,-54.2,-5420.0,100035,100041
EURUSD,2015-09-09,pivot,SELL1,SELL,130.0,1.12067,1.11525,TP,54.2,7046.0,100035,100041
EURUSD,2015-09-17,pivot,BUY1,BUY,100.0,1.12908,1.13404,TP,49.6,4960.0,100227,100244
EURUSD,2015-09-17,pivot,SELL1,SELL,130.0,1.12908,1.1214,TP,76.8,9984.0,100227,100337
EURUSD,2015-09-18,pivot,BUY1,BUY,100.0,1.14022,1.12846,SL,-117.6,-11760.0,100251,100270
EURUSD,2015-09-18,pivot,SELL1,SELL,130.0,1.14022,1.12846,TP,117.6,15288.0,100251,100270
EURUSD,2015-09-24,pivot,BUY1,BUY,100.0,1.11874,1.12329,TP,45.5,4550.0,100395,100405
EURUSD,2015-09-24,pivot,SELL1,SELL,130.0,1.11874,1.13675,TIME_EXIT,-180.1,-23413.0,100395,100826
EURUSD,2015-09-26,pivot,BUY1,BUY,100.0,1.11912,1.12331,TP,41.9,4190.0,100443,100506
EURUSD,2015-09-26,pivot,SELL1,SELL,130.0,1.11912,1.13833,TIME_EXIT,-192.1,-24973.0,100443,100874
EURUSD,2015-09-30,pivot,BUY1,BUY,100.0,1.12531,1.11939,SL,-59.2,-5920.0,100539,100551
EURUSD,2015-09-30,pivot,SELL1,SELL,130.0,1.12531,1.11939,TP,59.2,7696.0,100539,100551
EURUSD,2015-10-09,pivot,BUY1,BUY,100.0,1.12843,1.13473,TP,63.0,6300.0,100755,100764
EURUSD,2015-10-09,pivot,SELL1,SELL,130.0,1.12843,1.12377,TP,46.6,6058.0,100755,101079
EURUSD,2015-10-10,pivot,BUY1,BUY,100.0,1.13566,1.1407100000000001,TP,50.5,5050.0,100779,100858
EURUSD,2015-10-10,pivot,SELL1,SELL,130.0,1.13566,1.12671,TP,89.5,11635.0,100779,101079
EURUSD,2015-10-14,pivot,BUY1,BUY,100.0,1.13836,1.1431,TP,47.4,4740.0,100875,100887
EURUSD,2015-10-14,pivot,SELL1,SELL,130.0,1.13836,1.13442,TP,39.4,5122.0,100875,100932
EURUSD,2015-11-10,pivot,BUY1,BUY,100.0,1.07601,1.07266,SL,-33.5,-3350.0,101523,101534
EURUSD,2015-11-10,pivot,SELL1,SELL,130.0,1.07601,1.07266,TP,33.5,4355.0,101523,101534
EURUSD,2015-11-11,pivot,BUY1,BUY,100.0,1.07365,1.0784,TP,47.5,4750.0,101547,101585
EURUSD,2015-11-11,pivot,SELL1,SELL,130.0,1.07365,1.06744,TP,62.1,8073.0,101547,101692
EURUSD,2015-11-13,pivot,BUY1,BUY,100.0,1.08082,1.06912,SL,-117.0,-11700.0,101595,101666
EURUSD,2015-11-13,pivot,SELL1,SELL,130.0,1.08082,1.06912,TP,117.0,15210.0,101595,101666
EURUSD,2015-11-14,pivot,BUY1,BUY,100.0,1.07701,1.0714,SL,-56.1,-5610.0,101619,101666
EURUSD,2015-11-14,pivot,SELL1,SELL,130.0,1.07701,1.0714,TP,56.1,7293.0,101619,101666
EURUSD,2015-11-19,pivot,BUY1,BUY,100.0,1.06712,1.07123,TP,41.1,4110.0,101739,101740
EURUSD,2015-11-19,pivot,SELL1,SELL,130.0,1.06712,1.06168,TP,54.4,7072.0,101739,101836
EURUSD,2015-11-20,pivot,BUY1,BUY,100.0,1.07258,1.06671,SL,-58.7,-5870.0,101763,101771
EURUSD,2015-11-20,pivot,SELL1,SELL,130.0,1.07258,1.06671,TP,58.7,7631.0,101763,101771
EURUSD,2015-12-03,pivot,BUY1,BUY,100.0,1.06105,1.05508,SL,-59.7,-5970.0,102075,102086
EURUSD,2015-12-03,pivot,SELL1,SELL,130.0,1.06105,1.05508,TP,59.7,7761.0,102075,102086
EURUSD,2015-12-04,pivot,BUY1,BUY,100.0,1.09176,1.10012,TP,83.6,8360.0,102099,102236
EURUSD,2015-12-04,pivot,SELL1,SELL,130.0,1.09176,1.09108,TIME_EXIT,6.8,884.0,102099,102530
EURUSD,2015-12-10,pivot,BUY1,BUY,100.0,1.10149,1.08791,SL,-135.8,-13580.0,102243,102410
EURUSD,2015-12-10,pivot,SELL1,SELL,130.0,1.10149,1.08791,TP,135.8,17654.0,102243,102410
EURUSD,2015-12-12,pivot,BUY1,BUY,100.0,1.09928,1.10507,TP,57.9,5790.0,102291,102370
EURUSD,2015-12-12,pivot,SELL1,SELL,130.0,1.09928,1.09265,TP,66.3,8619.0,102291,102378
EURUSD,2015-12-22,pivot,BUY1,BUY,100.0,1.0911,1.09589,TP,47.9,4790.0,102531,102544
EURUSD,2015-12-22,pivot,SELL1,SELL,130.0,1.0911,1.08479,TP,63.1,8203.0,102531,102842
EURUSD,2015-12-23,pivot,BUY1,BUY,100.0,1.09485,1.09022,SL,-46.3,-4630.0,102555,102568
EURUSD,2015-12-23,pivot,SELL1,SELL,130.0,1.09485,1.09022,TP,46.3,6019.0,102555,102568
EURUSD,2016-01-07,pivot,BUY1,BUY,100.0,1.07766,1.08193,TP,42.7,4270.0,102915,102918
EURUSD,2016-01-07,pivot,SELL1,SELL,130.0,1.07766,1.07971,TIME_EXIT,-20.5,-2665.0,102915,103346
EURUSD,2016-01-20,pivot,BUY1,BUY,100.0,1.09106,1.09589,TP,48.3,4830.0,103227,103232
EURUSD,2016-01-20,pivot,SELL1,SELL,130.0,1.09106,1.08595,TP,51.1,6643.0,103227,103264
EURUSD,2016-01-22,pivot,BUY1,BUY,100.0,1.08581,1.0941,TP,82.9,8290.0,103275,103434
EURUSD,2016-01-22,pivot,SELL1,SELL,130.0,1.08581,1.1221,SL,-362.9,-47177.0,103275,103600
EURUSD,2016-01-29,pivot,BUY1,BUY,100.0,1.09353,1.08697,SL,-65.6,-6560.0,103443,103456
EURUSD,2016-01-29,pivot,SELL1,SELL,130.0,1.09353,1.08697,TP,65.6,8528.0,103443,103456
EURUSD,2016-02-03,pivot,BUY1,BUY,100.0,1.09187,1.09599,TP,41.2,4120.0,103563,103576
EURUSD,2016-02-03,pivot,SELL1,SELL,130.0,1.09187,1.12399,SL,-321.2,-41756.0,103563,103624
EURUSD,2016-02-04,pivot,BUY1,BUY,100.0,1.10928,1.11655,TP,72.7,7270.0,103587,103596
EURUSD,2016-02-04,pivot,SELL1,SELL,130.0,1.10928,1.11218,TIME_EXIT,-29.0,-3770.0,103587,104018
EURUSD,2016-02-05,pivot,BUY1,BUY,100.0,1.11994,1.12589,TP,59.5,5950.0,103611,103720
EURUSD,2016-02-05,pivot,SELL1,SELL,130.0,1.11994,1.10696,TP,129.8,16874.0,103611,103960
EURUSD,2016-02-09,pivot,BUY1,BUY,100.0,1.1189,1.12359,TP,46.9,4690.0,103707,103710
EURUSD,2016-02-09,pivot,SELL1,SELL,130.0,1.1189,1.10865,TP,102.5,13325.0,103707,103935
EURUSD,2016-02-10,pivot,BUY1,BUY,100.0,1.1288,1.11624,SL,-125.6,-12560.0,103731,103746
EURUSD,2016-02-10,pivot,SELL1,SELL,130.0,1.1288,1.11624,TP,125.6,16328.0,103731,103746
EURUSD,2016-02-11,pivot,BUY1,BUY,100.0,1.12839,1.13315,TP,47.6,4760.0,103755,103763
EURUSD,2016-02-11,pivot,SELL1,SELL,130.0,1.12839,1.11606,TP,123.3,16029.0,103755,103865
EURUSD,2016-02-24,pivot,BUY1,BUY,100.0,1.10232,1.09901,SL,-33.1,-3310.0,104067,104076
EURUSD,2016-02-24,pivot,SELL1,SELL,130.0,1.10232,1.09901,TP,33.1,4303.0,104067,104076
EURUSD,2016-02-25,pivot,BUY1,BUY,100.0,1.1014,1.10661,TP,52.1,5210.0,104091,104119
EURUSD,2016-02-25,pivot,SELL1,SELL,130.0,1.1014,1.09573,TP,56.7,7371.0,104091,104129
EURUSD,2016-02-26,pivot,BUY1,BUY,100.0,1.10231,1.09867,SL,-36.4,-3640.0,104115,104128
EURUSD,2016-02-26,pivot,SELL1,SELL,130.0,1.10231,1.09867,TP,36.4,4732.0,104115,104128
EURUSD,2016-03-04,pivot,BUY1,BUY,100.0,1.09456,1.09927,TP,47.1,4710.0,104283,104297
EURUSD,2016-03-04,pivot,SELL1,SELL,130.0,1.09456,1.08536,TP,92.0,11960.0,104283,104439
EURUSD,2016-03-05,pivot,BUY1,BUY,100.0,1.10055,1.09034,SL,-102.1,-10210.0,104307,104439
EURUSD,2016-03-05,pivot,SELL1,SELL,130.0,1.10055,1.09034,TP,102.1,13273.0,104307,104439
EURUSD,2016-03-11,pivot,BUY1,BUY,100.0,1.11763,1.12379,TP,61.6,6160.0,104451,104590
EURUSD,2016-03-11,pivot,SELL1,SELL,130.0,1.11763,1.12007,TIME_EXIT,-24.4,-3172.0,104451,104882
EURUSD,2016-03-12,pivot,BUY1,BUY,100.0,1.11468,1.10803,SL,-66.5,-6650.0,104475,104541
EURUSD,2016-03-12,pivot,SELL1,SELL,130.0,1.11468,1.10803,TP,66.5,8645.0,104475,104541
EURUSD,2016-03-17,pivot,BUY1,BUY,100.0,1.12161,1.12621,TP,46.0,4600.0,104595,104603
EURUSD,2016-03-17,pivot,SELL1,SELL,130.0,1.12161,1.13946,TIME_EXIT,-178.5,-23205.0,104595,105026
EURUSD,2016-03-18,pivot,BUY1,BUY,100.0,1.13151,1.12055,SL,-109.6,-10960.0,104619,104723
EURUSD,2016-03-18,pivot,SELL1,SELL,130.0,1.13151,1.12055,TP,109.6,14248.0,104619,104723
EURUSD,2016-03-31,pivot,BUY1,BUY,100.0,1.13326,1.13854,TP,52.8,5280.0,104931,104942
EURUSD,2016-03-31,pivot,SELL1,SELL,130.0,1.13326,1.12863,TP,46.3,6019.0,104931,105256
EURUSD,2016-04-01,pivot,BUY1,BUY,100.0,1.13785,1.14318,TP,53.3,5330.0,104955,104967
EURUSD,2016-04-01,pivot,SELL1,SELL,130.0,1.13785,1.13101,TP,68.4,8892.0,104955,105252
EURUSD,2016-04-02,pivot,BUY1,BUY,100.0,1.13899,1.13347,SL,-55.2,-5520.0,104979,105086
EURUSD,2016-04-02,pivot,SELL1,SELL,130.0,1.13899,1.13347,TP,55.2,7176.0,104979,105086
EURUSD,2016-04-05,pivot,BUY1,BUY,100.0,1.13857,1.13574,SL,-28.3,-2830.0,105051,105058
EURUSD,2016-04-05,pivot,SELL1,SELL,130.0,1.13857,1.13574,TP,28.3,3679.0,105051,105058
EURUSD,2016-04-06,pivot,BUY1,BUY,100.0,1.13805,1.13359,SL,-44.6,-4460.0,105075,105086
EURUSD,2016-04-06,pivot,SELL1,SELL,130.0,1.13805,1.13359,TP,44.6,5798.0,105075,105086
EURUSD,2016-04-07,pivot,BUY1,BUY,100.0,1.14002,1.14516,TP,51.4,5140.0,105099,105105
EURUSD,2016-04-07,pivot,SELL1,SELL,130.0,1.14002,1.13266,TP,73.6,9568.0,105099,105252
EURUSD,2016-04-09,pivot,BUY1,BUY,100.0,1.1395,1.14393,TP,44.3,4430.0,105147,105208
EURUSD,2016-04-09,pivot,SELL1,SELL,130.0,1.1395,1.13491,TP,45.9,5967.0,105147,105233
EURUSD,2016-04-12,pivot,BUY1,BUY,100.0,1.14101,1.13723,SL,-37.8,-3780.0,105219,105232
EURUSD,2016-04-12,pivot,SELL1,SELL,130.0,1.14101,1.13723,TP,37.8,4914.0,105219,105232
EURUSD,2016-04-15,pivot,BUY1,BUY,100.0,1.1265,1.13148,TP,49.8,4980.0,105291,105305
EURUSD,2016-04-15,pivot,SELL1,SELL,130.0,1.1265,1.12339,TP,31.1,4043.0,105291,105475
EURUSD,2016-04-16,pivot,BUY1,BUY,100.0,1.12823,1.13369,TP,54.6,5460.0,105315,105393
EURUSD,2016-04-16,pivot,SELL1,SELL,130.0,1.12823,1.12457,TP,36.6,4758.0,105315,105472
EURUSD,2016-04-19,pivot,BUY1,BUY,100.0,1.13078,1.13521,TP,44.3,4430.0,105387,105399
EURUSD,2016-04-19,pivot,SELL1,SELL,130.0,1.13078,1.12737,TP,34.1,4433.0,105387,105449
EURUSD,2016-04-20,pivot,BUY1,BUY,100.0,1.13583,1.13034,SL,-54.9,-5490.0,105411,105428
EURUSD,2016-04-20,pivot,SELL1,SELL,130.0,1.13583,1.13034,TP,54.9,7137.0,105411,105428
EURUSD,2016-04-28,pivot,BUY1,BUY,100.0,1.13264,1.1381000000000001,TP,54.6,5460.0,105603,105628
EURUSD,2016-04-28,pivot,SELL1,SELL,130.0,1.13264,1.13172,TIME_EXIT,9.2,1196.0,105603,106034
EURUSD,2016-05-12,pivot,BUY1,BUY,100.0,1.1424,1.13724,SL,-51.6,-5160.0,105939,105955
EURUSD,2016-05-12,pivot,SELL1,SELL,130.0,1.1424,1.13724,TP,51.6,6708.0,105939,105955
EURUSD,2016-05-27,pivot,BUY1,BUY,100.0,1.11915,1.11542,SL,-37.3,-3730.0,106299,106311
EURUSD,2016-05-27,pivot,SELL1,SELL,130.0,1.11915,1.11542,TP,37.3,4849.0,106299,106311
EURUSD,2016-06-07,pivot,BUY1,BUY,100.0,1.13628,1.14126,TP,49.8,4980.0,106563,106612
EURUSD,2016-06-07,pivot,SELL1,SELL,130.0,1.13628,1.13263,TP,36.5,4745.0,106563,106623
EURUSD,2016-06-16,pivot,BUY1,BUY,100.0,1.1261,1.11897,SL,-71.3,-7130.0,106779,106790
EURUSD,2016-06-16,pivot,SELL1,SELL,130.0,1.1261,1.11897,TP,71.3,9269.0,106779,106790
EURUSD,2016-06-17,pivot,BUY1,BUY,100.0,1.12714,1.13149,TP,43.5,4350.0,106803,106872
EURUSD,2016-06-17,pivot,SELL1,SELL,130.0,1.12714,1.1131,TP,140.4,18252.0,106803,106973
EURUSD,2016-06-18,pivot,BUY1,BUY,100.0,1.12732,1.13162,TP,43.0,4300.0,106827,106872
EURUSD,2016-06-18,pivot,SELL1,SELL,130.0,1.12732,1.12231,TP,50.1,6513.0,106827,106972
EURUSD,2016-06-23,pivot,BUY1,BUY,100.0,1.13257,1.13675,TP,41.8,4180.0,106947,106956
EURUSD,2016-06-23,pivot,SELL1,SELL,130.0,1.13257,1.12366,TP,89.1,11583.0,106947,106972
EURUSD,2016-06-29,pivot,BUY1,BUY,100.0,1.10753,1.11316,TP,56.3,5630.0,107091,107123
EURUSD,2016-06-29,pivot,SELL1,SELL,130.0,1.10753,1.10128,TP,62.5,8125.0,107091,107319
EURUSD,2016-07-01,pivot,BUY1,BUY,100.0,1.11029,1.11745,TP,71.6,7160.0,107139,107242
EURUSD,2016-07-01,pivot,SELL1,SELL,130.0,1.11029,1.10241,TP,78.8,10244.0,107139,107319
EURUSD,2016-07-02,pivot,BUY1,BUY,100.0,1.11365,1.1072,SL,-64.5,-6450.0,107163,107251
EURUSD,2016-07-02,pivot,SELL1,SELL,130.0,1.11365,1.1072,TP,64.5,8385.0,107163,107251
EURUSD,2016-07-14,pivot,BUY1,BUY,100.0,1.10948,1.11399,TP,45.1,4510.0,107451,107462
EURUSD,2016-07-14,pivot,SELL1,SELL,130.0,1.10948,1.1042,TP,52.8,6864.0,107451,107495
EURUSD,2016-07-22,pivot,BUY1,BUY,100.0,1.1032,1.09796,SL,-52.4,-5240.0,107643,107657
EURUSD,2016-07-22,pivot,SELL1,SELL,130.0,1.1032,1.09796,TP,52.4,6812.0,107643,107657
EURUSD,2016-07-30,pivot,BUY1,BUY,100.0,1.11726,1.12174,TP,44.8,4480.0,107835,107921
EURUSD,2016-07-30,pivot,SELL1,SELL,130.0,1.11726,1.10727,TP,99.9,12987.0,107835,107992
EURUSD,2016-08-16,pivot,BUY1,BUY,100.0,1.11819,1.12234,TP,41.5,4150.0,108243,108249
EURUSD,2016-08-16,pivot,SELL1,SELL,130.0,1.11819,1.11538,TP,28.1,3653.0,108243,108591
EURUSD,2016-08-17,pivot,BUY1,BUY,100.0,1.12759,1.13423,TP,66.4,6640.0,108267,108308
EURUSD,2016-08-17,pivot,SELL1,SELL,130.0,1.12759,1.11774,TP,98.5,12805.0,108267,108552
EURUSD,2016-09-13,pivot,BUY1,BUY,100.0,1.12404,1.12103,SL,-30.1,-3010.0,108915,108933
EURUSD,2016-09-13,pivot,SELL1,SELL,130.0,1.12404,1.12103,TP,30.1,3913.0,108915,108933
EURUSD,2016-09-15,pivot,BUY1,BUY,100.0,1.1245,1.12137,SL,-31.3,-3130.0,108963,108999
EURUSD,2016-09-15,pivot,SELL1,SELL,130.0,1.1245,1.12137,TP,31.3,4069.0,108963,108999
EURUSD,2016-09-27,pivot,BUY1,BUY,100.0,1.12501,1.12211,SL,-29.0,-2900.0,109251,109263
EURUSD,2016-09-27,pivot,SELL1,SELL,130.0,1.12501,1.12211,TP,29.0,3770.0,109251,109263
EURUSD,2016-10-05,pivot,BUY1,BUY,100.0,1.12091,1.11379,SL,-71.2,-7120.0,109443,109490
EURUSD,2016-10-05,pivot,SELL1,SELL,130.0,1.12091,1.11379,TP,71.2,9256.0,109443,109490
EURUSD,2016-11-03,pivot,BUY1,BUY,100.0,1.1094,1.10496,SL,-44.4,-4440.0,110139,110243
EURUSD,2016-11-03,pivot,SELL1,SELL,130.0,1.1094,1.10496,TP,44.4,5772.0,110139,110243
EURUSD,2016-11-04,pivot,BUY1,BUY,100.0,1.10994,1.10596,SL,-39.8,-3980.0,110163,110233
EURUSD,2016-11-04,pivot,SELL1,SELL,130.0,1.10994,1.10596,TP,39.8,5174.0,110163,110233
EURUSD,2016-11-23,pivot,BUY1,BUY,100.0,1.06332,1.05836,SL,-49.6,-4960.0,110619,110632
EURUSD,2016-11-23,pivot,SELL1,SELL,130.0,1.06332,1.05836,TP,49.6,6448.0,110619,110632
EURUSD,2016-11-25,pivot,BUY1,BUY,100.0,1.05601,1.06052,TP,45.1,4510.0,110667,110674
EURUSD,2016-11-25,pivot,SELL1,SELL,130.0,1.05601,1.0518,TP,42.1,5473.0,110667,110906
EURUSD,2016-11-26,pivot,BUY1,BUY,100.0,1.05901,1.06473,TP,57.2,5720.0,110691,110740
EURUSD,2016-11-26,pivot,SELL1,SELL,130.0,1.05901,1.05384,TP,51.7,6721.0,110691,110905
EURUSD,2016-12-03,pivot,BUY1,BUY,100.0,1.06632,1.06253,SL,-37.9,-3790.0,110859,110905
EURUSD,2016-12-03,pivot,SELL1,SELL,130.0,1.06632,1.06253,TP,37.9,4927.0,110859,110905
EURUSD,2016-12-06,pivot,BUY1,BUY,100.0,1.07564,1.08163,TP,59.9,5990.0,110931,110991
EURUSD,2016-12-06,pivot,SELL1,SELL,130.0,1.07564,1.05374,TP,219.0,28470.0,110931,111018
EURUSD,2016-12-17,pivot,BUY1,BUY,100.0,1.04483,1.04008,SL,-47.5,-4750.0,111195,111262
EURUSD,2016-12-17,pivot,SELL1,SELL,130.0,1.04483,1.04008,TP,47.5,6175.0,111195,111262
EURUSD,2016-12-21,pivot,BUY1,BUY,100.0,1.03907,1.04378,TP,47.1,4710.0,111291,111304
EURUSD,2016-12-21,pivot,SELL1,SELL,130.0,1.03907,1.03523,TP,38.4,4992.0,111291,111618
EURUSD,2016-12-22,pivot,BUY1,BUY,100.0,1.04263,1.04711,TP,44.8,4480.0,111315,111330
EURUSD,2016-12-22,pivot,SELL1,SELL,130.0,1.04263,1.03824,TP,43.9,5707.0,111315,111476
EURUSD,2016-12-30,pivot,BUY1,BUY,100.0,1.05657,1.04139,SL,-151.8,-15180.0,111507,111612
EURUSD,2016-12-30,pivot,SELL1,SELL,130.0,1.05657,1.04139,TP,151.8,19734.0,111507,111612
EURUSD,2017-01-04,pivot,BUY1,BUY,100.0,1.04174,1.05101,TP,92.7,9270.0,111627,111651
EURUSD,2017-01-04,pivot,SELL1,SELL,130.0,1.04174,1.0699,TIME_EXIT,-281.6,-36608.0,111627,112058
EURUSD,2017-01-12,pivot,BUY1,BUY,100.0,1.05942,1.06429,TP,48.7,4870.0,111819,111826
EURUSD,2017-01-12,pivot,SELL1,SELL,130.0,1.05942,1.07169,TIME_EXIT,-122.7,-15951.0,111819,112250
EURUSD,2017-01-14,pivot,BUY1,BUY,100.0,1.0642,1.05961,SL,-45.9,-4590.0,111867,111923
EURUSD,2017-01-14,pivot,SELL1,SELL,130.0,1.0642,1.05961,TP,45.9,5967.0,111867,111923
EURUSD,2017-01-18,pivot,BUY1,BUY,100.0,1.06966,1.06007,SL,-95.9,-9590.0,111963,112001
EURUSD,2017-01-18,pivot,SELL1,SELL,130.0,1.06966,1.06007,TP,95.9,12467.0,111963,112001
EURUSD,2017-01-28,pivot,BUY1,BUY,100.0,1.06958,1.06584,SL,-37.4,-3740.0,112203,112262
EURUSD,2017-01-28,pivot,SELL1,SELL,130.0,1.06958,1.06584,TP,37.4,4862.0,112203,112262
EURUSD,2017-01-31,pivot,BUY1,BUY,100.0,1.07075,1.07602,TP,52.7,5270.0,112275,112287
EURUSD,2017-01-31,pivot,SELL1,SELL,130.0,1.07075,1.06203,TP,87.2,11336.0,112275,112528
EURUSD,2017-02-09,pivot,BUY1,BUY,100.0,1.0691,1.06407,SL,-50.3,-5030.0,112491,112522
EURUSD,2017-02-09,pivot,SELL1,SELL,130.0,1.0691,1.06407,TP,50.3,6539.0,112491,112522
EURUSD,2017-02-11,pivot,BUY1,BUY,100.0,1.06397,1.06077,SL,-32.0,-3200.0,112539,112601
EURUSD,2017-02-11,pivot,SELL1,SELL,130.0,1.06397,1.06077,TP,32.0,4160.0,112539,112601
EURUSD,2017-02-23,pivot,BUY1,BUY,100.0,1.05505,1.0594,TP,43.5,4350.0,112827,112842
EURUSD,2017-02-23,pivot,SELL1,SELL,130.0,1.05505,1.06894,TIME_EXIT,-138.9,-18057.0,112827,113258
EURUSD,2017-03-10,pivot,BUY1,BUY,100.0,1.05794,1.06351,TP,55.7,5570.0,113187,113200
EURUSD,2017-03-10,pivot,SELL1,SELL,130.0,1.05794,1.08608,TIME_EXIT,-281.4,-36582.0,113187,113618
EURUSD,2017-03-11,pivot,BUY1,BUY,100.0,1.06728,1.0719,TP,46.2,4620.0,113211,113327
EURUSD,2017-03-11,pivot,SELL1,SELL,130.0,1.06728,1.08162,TIME_EXIT,-143.4,-18642.0,113211,113642
EURUSD,2017-04-18,pivot,BUY1,BUY,100.0,1.06432,1.06903,TP,47.1,4710.0,114123,114135
EURUSD,2017-04-18,pivot,SELL1,SELL,130.0,1.06432,1.09703,SL,-327.1,-42523.0,114123,114523
EURUSD,2017-04-24,pivot,BUY1,BUY,100.0,1.08733,1.09364,TP,63.1,6310.0,114267,114306
EURUSD,2017-04-24,pivot,SELL1,SELL,130.0,1.08733,1.08642,TIME_EXIT,9.1,1183.0,114267,114698
EURUSD,2017-04-26,pivot,BUY1,BUY,100.0,1.09277,1.09699,TP,42.2,4220.0,114315,114523
EURUSD,2017-04-26,pivot,SELL1,SELL,130.0,1.09277,1.08512,TP,76.5,9945.0,114315,114687
EURUSD,2017-04-27,pivot,BUY1,BUY,100.0,1.09083,1.08557,SL,-52.6,-5260.0,114339,114352
EURUSD,2017-04-27,pivot,SELL1,SELL,130.0,1.09083,1.08557,TP,52.6,6838.0,114339,114352
EURUSD,2017-05-23,pivot,BUY1,BUY,100.0,1.12371,1.11614,SL,-75.7,-7570.0,114963,115048
EURUSD,2017-05-23,pivot,SELL1,SELL,130.0,1.12371,1.11614,TP,75.7,9841.0,114963,115048
EURUSD,2017-05-31,pivot,BUY1,BUY,100.0,1.11728,1.12254,TP,52.6,5260.0,115155,115166
EURUSD,2017-05-31,pivot,SELL1,SELL,130.0,1.11728,1.11968,TIME_EXIT,-24.0,-3120.0,115155,115586
EURUSD,2017-06-06,pivot,BUY1,BUY,100.0,1.12572,1.12342,SL,-23.0,-2300.0,115299,115333
EURUSD,2017-06-06,pivot,SELL1,SELL,130.0,1.12572,1.12342,TP,23.0,2990.0,115299,115333
EURUSD,2017-06-08,pivot,BUY1,BUY,100.0,1.12554,1.12039,SL,-51.5,-5150.0,115347,115359
EURUSD,2017-06-08,pivot,SELL1,SELL,130.0,1.12554,1.12039,TP,51.5,6695.0,115347,115359
EURUSD,2017-06-10,pivot,BUY1,BUY,100.0,1.11941,1.12357,TP,41.6,4160.0,115395,115503
EURUSD,2017-06-10,pivot,SELL1,SELL,130.0,1.11941,1.11663,TP,27.8,3614.0,115395,115524
EURUSD,2017-07-06,pivot,BUY1,BUY,100.0,1.13465,1.13885,TP,42.0,4200.0,116019,116031
EURUSD,2017-07-06,pivot,SELL1,SELL,130.0,1.13465,1.16685,SL,-322.0,-41860.0,116019,116385
EURUSD,2017-07-19,pivot,BUY1,BUY,100.0,1.15477,1.16031,TP,55.4,5540.0,116331,116369
EURUSD,2017-07-19,pivot,SELL1,SELL,130.0,1.15477,1.18831,SL,-335.4,-43602.0,116331,116684
EURUSD,2017-07-21,pivot,BUY1,BUY,100.0,1.16283,1.1678,TP,49.7,4970.0,116379,116396
EURUSD,2017-07-21,pivot,SELL1,SELL,130.0,1.16283,1.17995,TIME_EXIT,-171.2,-22256.0,116379,116810
EURUSD,2017-08-01,pivot,BUY1,BUY,100.0,1.18207,1.18654,TP,44.7,4470.0,116643,116675
EURUSD,2017-08-01,pivot,SELL1,SELL,130.0,1.18207,1.17231,TP,97.6,12688.0,116643,116826
EURUSD,2017-08-12,pivot,BUY1,BUY,100.0,1.18199,1.17485,SL,-71.4,-7140.0,116907,116985
EURUSD,2017-08-12,pivot,SELL1,SELL,130.0,1.18199,1.17485,TP,71.4,9282.0,116907,116985
EURUSD,2017-08-16,pivot,BUY1,BUY,100.0,1.17403,1.16872,SL,-53.1,-5310.0,117003,117016
EURUSD,2017-08-16,pivot,SELL1,SELL,130.0,1.17403,1.16872,TP,53.1,6903.0,117003,117016
EURUSD,2017-08-29,pivot,BUY1,BUY,100.0,1.1964,1.20057,TP,41.7,4170.0,117315,117321
EURUSD,2017-08-29,pivot,SELL1,SELL,130.0,1.1964,1.19168,TP,47.2,6136.0,117315,117351
EURUSD,2017-09-08,pivot,BUY1,BUY,100.0,1.20277,1.20792,TP,51.5,5150.0,117555,117557
EURUSD,2017-09-08,pivot,SELL1,SELL,130.0,1.20277,1.1914,TP,113.7,14781.0,117555,117689
EURUSD,2017-09-16,pivot,BUY1,BUY,100.0,1.19447,1.20073,TP,62.6,6260.0,117747,117844
EURUSD,2017-09-16,pivot,SELL1,SELL,130.0,1.19447,1.19011,TP,43.6,5668.0,117747,117861
EURUSD,2017-09-29,pivot,BUY1,BUY,100.0,1.17813,1.1824,TP,42.7,4270.0,118059,118071
EURUSD,2017-09-29,pivot,SELL1,SELL,130.0,1.17813,1.17212,TP,60.1,7813.0,118059,118155
EURUSD,2017-10-04,pivot,BUY1,BUY,100.0,1.17476,1.16961,SL,-51.5,-5150.0,118179,118230
EURUSD,2017-10-04,pivot,SELL1,SELL,130.0,1.17476,1.16961,TP,51.5,6695.0,118179,118230
EURUSD,2017-10-18,pivot,BUY1,BUY,100.0,1.1771,1.17361,SL,-34.9,-3490.0,118515,118524
EURUSD,2017-10-18,pivot,SELL1,SELL,130.0,1.1771,1.17361,TP,34.9,4537.0,118515,118524
EURUSD,2017-10-24,pivot,BUY1,BUY,100.0,1.17548,1.17974,TP,42.6,4260.0,118659,118696
EURUSD,2017-10-24,pivot,SELL1,SELL,130.0,1.17548,1.1725,TP,29.8,3874.0,118659,118720
EURUSD,2017-11-03,pivot,BUY1,BUY,100.0,1.16588,1.16261,SL,-32.7,-3270.0,118899,118913
EURUSD,2017-11-03,pivot,SELL1,SELL,130.0,1.16588,1.16261,TP,32.7,4251.0,118899,118913
EURUSD,2017-11-30,pivot,BUY1,BUY,100.0,1.18519,1.18167,SL,-35.2,-3520.0,119547,119557
EURUSD,2017-11-30,pivot,SELL1,SELL,130.0,1.18519,1.18167,TP,35.2,4576.0,119547,119557
EURUSD,2017-12-01,pivot,BUY1,BUY,100.0,1.1898,1.1809,SL,-89.0,-8900.0,119571,119683
EURUSD,2017-12-01,pivot,SELL1,SELL,130.0,1.1898,1.1809,TP,89.0,11570.0,119571,119683
EURUSD,2017-12-21,pivot,BUY1,BUY,100.0,1.18776,1.18289,SL,-48.7,-4870.0,120051,120075
EURUSD,2017-12-21,pivot,SELL1,SELL,130.0,1.18776,1.18289,TP,48.7,6331.0,120051,120075
EURUSD,2017-12-30,pivot,BUY1,BUY,100.0,1.19985,1.20454,TP,46.9,4690.0,120267,120347
EURUSD,2017-12-30,pivot,SELL1,SELL,130.0,1.19985,1.19369,TP,61.6,8008.0,120267,120515
EURUSD,2018-01-05,pivot,BUY1,BUY,100.0,1.20663,1.20044,SL,-61.9,-6190.0,120411,120490
EURUSD,2018-01-05,pivot,SELL1,SELL,130.0,1.20663,1.20044,TP,61.9,8047.0,120411,120490
EURUSD,2018-01-16,pivot,BUY1,BUY,100.0,1.22666,1.23164,TP,49.8,4980.0,120675,120699
EURUSD,2018-01-16,pivot,SELL1,SELL,130.0,1.22666,1.21876,TP,79.0,10270.0,120675,120720
EURUSD,2018-01-19,pivot,BUY1,BUY,100.0,1.2234,1.22848,TP,50.8,5080.0,120747,120756
EURUSD,2018-01-19,pivot,SELL1,SELL,130.0,1.2234,1.23666,TIME_EXIT,-132.6,-17238.0,120747,121178
EURUSD,2018-01-25,pivot,BUY1,BUY,100.0,1.23921,1.24349,TP,42.8,4280.0,120891,120894
EURUSD,2018-01-25,pivot,SELL1,SELL,130.0,1.23921,1.2292,TP,100.1,13013.0,120891,121218
EURUSD,2018-01-31,pivot,BUY1,BUY,100.0,1.24084,1.24738,TP,65.4,6540.0,121035,121050
EURUSD,2018-01-31,pivot,SELL1,SELL,130.0,1.24084,1.2335,TP,73.4,9542.0,121035,121191
EURUSD,2018-02-07,pivot,BUY1,BUY,100.0,1.23803,1.23138,SL,-66.5,-6650.0,121203,121218
EURUSD,2018-02-07,pivot,SELL1,SELL,130.0,1.23803,1.23138,TP,66.5,8645.0,121203,121218
EURUSD,2018-02-09,pivot,BUY1,BUY,100.0,1.22607,1.2212,SL,-48.7,-4870.0,121251,121268
EURUSD,2018-02-09,pivot,SELL1,SELL,130.0,1.22607,1.2212,TP,48.7,6331.0,121251,121268
EURUSD,2018-02-10,pivot,BUY1,BUY,100.0,1.2251,1.23073,TP,56.3,5630.0,121275,121352
EURUSD,2018-02-10,pivot,SELL1,SELL,130.0,1.2251,1.22259,TIME_EXIT,25.1,3263.0,121275,121706
EURUSD,2018-02-23,pivot,BUY1,BUY,100.0,1.23256,1.22597,SL,-65.9,-6590.0,121587,121698
EURUSD,2018-02-23,pivot,SELL1,SELL,130.0,1.23256,1.22597,TP,65.9,8567.0,121587,121698
EURUSD,2018-03-10,pivot,BUY1,BUY,100.0,1.23041,1.23542,TP,50.1,5010.0,121947,122031
EURUSD,2018-03-10,pivot,SELL1,SELL,130.0,1.23041,1.2273,TP,31.1,4043.0,121947,122105
EURUSD,2018-03-20,pivot,BUY1,BUY,100.0,1.23365,1.22579,SL,-78.6,-7860.0,122187,122203
EURUSD,2018-03-20,pivot,SELL1,SELL,130.0,1.23365,1.22579,TP,78.6,10218.0,122187,122203
EURUSD,2018-03-24,pivot,BUY1,BUY,100.0,1.23522,1.23933,TP,41.1,4110.0,122283,122338
EURUSD,2018-03-24,pivot,SELL1,SELL,130.0,1.23522,1.23166,TP,35.6,4628.0,122283,122396
EURUSD,2018-04-05,pivot,BUY1,BUY,100.0,1.22873,1.2257,SL,-30.3,-3030.0,122571,122578
EURUSD,2018-04-05,pivot,SELL1,SELL,130.0,1.22873,1.2257,TP,30.3,3939.0,122571,122578
EURUSD,2018-04-12,pivot,BUY1,BUY,100.0,1.23719,1.2347,SL,-24.9,-2490.0,122739,122747
EURUSD,2018-04-12,pivot,SELL1,SELL,130.0,1.23719,1.2347,TP,24.9,3237.0,122739,122747
EURUSD,2018-05-05,pivot,BUY1,BUY,100.0,1.1955,1.19107,SL,-44.3,-4430.0,123291,123350
EURUSD,2018-05-05,pivot,SELL1,SELL,130.0,1.1955,1.19107,TP,44.3,5759.0,123291,123350
EURUSD,2018-05-11,pivot,BUY1,BUY,100.0,1.19137,1.19663,TP,52.6,5260.0,123435,123449
EURUSD,2018-05-11,pivot,SELL1,SELL,130.0,1.19137,1.1844,TP,69.7,9061.0,123435,123544
EURUSD,2018-05-12,pivot,BUY1,BUY,100.0,1.19395,1.19878,TP,48.3,4830.0,123459,123516
EURUSD,2018-05-12,pivot,SELL1,SELL,130.0,1.19395,1.18911,TP,48.4,6292.0,123459,123542
EURUSD,2018-05-17,pivot,BUY1,BUY,100.0,1.18146,1.17635,SL,-51.1,-5110.0,123579,123615
EURUSD,2018-05-17,pivot,SELL1,SELL,130.0,1.18146,1.17635,TP,51.1,6643.0,123579,123615
EURUSD,2018-05-25,pivot,BUY1,BUY,100.0,1.1722,1.16906,SL,-31.4,-3140.0,123771,123778
EURUSD,2018-05-25,pivot,SELL1,SELL,130.0,1.1722,1.16906,TP,31.4,4082.0,123771,123778
EURUSD,2018-06-01,pivot,BUY1,BUY,100.0,1.16922,1.1641,SL,-51.2,-5120.0,123939,123953
EURUSD,2018-06-01,pivot,SELL1,SELL,130.0,1.16922,1.1641,TP,51.2,6656.0,123939,123953
EURUSD,2018-06-20,pivot,BUY1,BUY,100.0,1.15882,1.15307,SL,-57.5,-5750.0,124395,124427
EURUSD,2018-06-20,pivot,SELL1,SELL,130.0,1.15882,1.15307,TP,57.5,7475.0,124395,124427
EURUSD,2018-06-21,pivot,BUY1,BUY,100.0,1.15774,1.15365,SL,-40.9,-4090.0,124419,124426
EURUSD,2018-06-21,pivot,SELL1,SELL,130.0,1.15774,1.15365,TP,40.9,5317.0,124419,124426
EURUSD,2018-06-22,pivot,BUY1,BUY,100.0,1.16043,1.16534,TP,49.1,4910.0,124443,124450
EURUSD,2018-06-22,pivot,SELL1,SELL,130.0,1.16043,1.1756,TIME_EXIT,-151.7,-19721.0,124443,124874
EURUSD,2018-07-03,pivot,BUY1,BUY,100.0,1.16413,1.16989,TP,57.6,5760.0,124707,124761
EURUSD,2018-07-03,pivot,SELL1,SELL,130.0,1.16413,1.15911,TP,50.2,6526.0,124707,125102
EURUSD,2018-07-05,pivot,BUY1,BUY,100.0,1.16602,1.17017,TP,41.5,4150.0,124755,124761
EURUSD,2018-07-05,pivot,SELL1,SELL,130.0,1.16602,1.16305,TP,29.7,3861.0,124755,124954
EURUSD,2018-07-06,pivot,BUY1,BUY,100.0,1.16919,1.17401,TP,48.2,4820.0,124779,124791
EURUSD,2018-07-06,pivot,SELL1,SELL,130.0,1.16919,1.165,TP,41.9,5447.0,124779,124934
EURUSD,2018-07-07,pivot,BUY1,BUY,100.0,1.17444,1.17876,TP,43.2,4320.0,124803,124862
EURUSD,2018-07-07,pivot,SELL1,SELL,130.0,1.17444,1.168,TP,64.4,8372.0,124803,124916
EURUSD,2018-07-11,pivot,BUY1,BUY,100.0,1.17279,1.16901,SL,-37.8,-3780.0,124899,124916
EURUSD,2018-07-11,pivot,SELL1,SELL,130.0,1.17279,1.16901,TP,37.8,4914.0,124899,124916
EURUSD,2018-07-20,pivot,BUY1,BUY,100.0,1.16547,1.16985,TP,43.8,4380.0,125115,125127
EURUSD,2018-07-20,pivot,SELL1,SELL,130.0,1.16547,1.15748,TP,79.9,10387.0,125115,125458
EURUSD,2018-08-14,pivot,BUY1,BUY,100.0,1.14004,1.13649,SL,-35.5,-3550.0,125715,125730
EURUSD,2018-08-14,pivot,SELL1,SELL,130.0,1.14004,1.13649,TP,35.5,4615.0,125715,125730
EURUSD,2018-08-22,pivot,BUY1,BUY,100.0,1.15761,1.16211,TP,45.0,4500.0,125907,125920
EURUSD,2018-08-22,pivot,SELL1,SELL,130.0,1.15761,1.1552,TIME_EXIT,24.1,3133.0,125907,126338
EURUSD,2018-09-05,pivot,BUY1,BUY,100.0,1.15872,1.16341,TP,46.9,4690.0,126243,126256
EURUSD,2018-09-05,pivot,SELL1,SELL,130.0,1.15872,1.15301,TP,57.1,7423.0,126243,126369
EURUSD,2018-09-11,pivot,BUY1,BUY,100.0,1.15935,1.16361,TP,42.6,4260.0,126387,126394
EURUSD,2018-09-11,pivot,SELL1,SELL,130.0,1.15935,1.16019,TIME_EXIT,-8.4,-1092.0,126387,126818
EURUSD,2018-09-13,pivot,BUY1,BUY,100.0,1.16253,1.16696,TP,44.3,4430.0,126435,126447
EURUSD,2018-09-13,pivot,SELL1,SELL,130.0,1.16253,1.15699,TP,55.4,7202.0,126435,126806
EURUSD,2018-09-18,pivot,BUY1,BUY,100.0,1.16686,1.17181,TP,49.5,4950.0,126555,126568
EURUSD,2018-09-18,pivot,SELL1,SELL,130.0,1.16686,1.1618,TP,50.6,6578.0,126555,126802
EURUSD,2018-09-26,pivot,BUY1,BUY,100.0,1.17629,1.1731,SL,-31.9,-3190.0,126747,126759
EURUSD,2018-09-26,pivot,SELL1,SELL,130.0,1.17629,1.1731,TP,31.9,4147.0,126747,126759
EURUSD,2018-10-03,pivot,BUY1,BUY,100.0,1.15503,1.15052,SL,-45.1,-4510.0,126915,126935
EURUSD,2018-10-03,pivot,SELL1,SELL,130.0,1.15503,1.15052,TP,45.1,5863.0,126915,126935
EURUSD,2018-10-05,pivot,BUY1,BUY,100.0,1.15173,1.14633,SL,-54.0,-5400.0,126963,127047
EURUSD,2018-10-05,pivot,SELL1,SELL,130.0,1.15173,1.14633,TP,54.0,7020.0,126963,127047
EURUSD,2018-10-06,pivot,BUY1,BUY,100.0,1.15174,1.14838,SL,-33.6,-3360.0,126987,127043
EURUSD,2018-10-06,pivot,SELL1,SELL,130.0,1.15174,1.14838,TP,33.6,4368.0,126987,127043
EURUSD,2018-10-16,pivot,BUY1,BUY,100.0,1.15828,1.1543,SL,-39.8,-3980.0,127227,127262
EURUSD,2018-10-16,pivot,SELL1,SELL,130.0,1.15828,1.1543,TP,39.8,5174.0,127227,127262
EURUSD,2018-10-24,pivot,BUY1,BUY,100.0,1.14706,1.14392,SL,-31.4,-3140.0,127419,127426
EURUSD,2018-10-24,pivot,SELL1,SELL,130.0,1.14706,1.14392,TP,31.4,4082.0,127419,127426
EURUSD,2018-11-02,pivot,BUY1,BUY,100.0,1.14028,1.14441,TP,41.3,4130.0,127635,127644
EURUSD,2018-11-02,pivot,SELL1,SELL,130.0,1.14028,1.13126,TP,90.2,11726.0,127635,127880
EURUSD,2018-11-15,pivot,BUY1,BUY,100.0,1.13121,1.13675,TP,55.4,5540.0,127947,127979
EURUSD,2018-11-15,pivot,SELL1,SELL,130.0,1.13121,1.13421,TIME_EXIT,-30.0,-3900.0,127947,128378
EURUSD,2018-11-16,pivot,BUY1,BUY,100.0,1.13244,1.13822,TP,57.8,5780.0,127971,127984
EURUSD,2018-11-16,pivot,SELL1,SELL,130.0,1.13244,1.12705,TP,53.9,7007.0,127971,128267
EURUSD,2018-12-04,pivot,BUY1,BUY,100.0,1.13541,1.13996,TP,45.5,4550.0,128403,128412
EURUSD,2018-12-04,pivot,SELL1,SELL,130.0,1.13541,1.13192,TP,34.9,4537.0,128403,128420
EURUSD,2018-12-07,pivot,BUY1,BUY,100.0,1.13758,1.14323,TP,56.5,5650.0,128475,128548
EURUSD,2018-12-07,pivot,SELL1,SELL,130.0,1.13758,1.13209,TP,54.9,7137.0,128475,128586
EURUSD,2018-12-14,pivot,BUY1,BUY,100.0,1.1363,1.1331,SL,-32.0,-3200.0,128643,128651
EURUSD,2018-12-14,pivot,SELL1,SELL,130.0,1.1363,1.1331,TP,32.0,4160.0,128643,128651
EURUSD,2018-12-19,pivot,BUY1,BUY,100.0,1.13756,1.14222,TP,46.6,4660.0,128763,128777
EURUSD,2018-12-19,pivot,SELL1,SELL,130.0,1.13756,1.13366,TP,39.0,5070.0,128763,129116
EURUSD,2018-12-21,pivot,BUY1,BUY,100.0,1.14566,1.13771,SL,-79.5,-7950.0,128811,128829
EURUSD,2018-12-21,pivot,SELL1,SELL,130.0,1.14566,1.13771,TP,79.5,10335.0,128811,128829
EURUSD,2018-12-28,pivot,BUY1,BUY,100.0,1.14306,1.1474,TP,43.4,4340.0,128979,129104
EURUSD,2018-12-28,pivot,SELL1,SELL,130.0,1.14306,1.1358,TP,72.6,9438.0,128979,129113
EURUSD,2019-01-05,pivot,BUY1,BUY,100.0,1.13943,1.14389,TP,44.6,4460.0,129171,129226
EURUSD,2019-01-05,pivot,SELL1,SELL,130.0,1.13943,1.13456,TP,48.7,6331.0,129171,129592
EURUSD,2019-01-09,pivot,BUY1,BUY,100.0,1.14573,1.15044,TP,47.1,4710.0,129267,129281
EURUSD,2019-01-09,pivot,SELL1,SELL,130.0,1.14573,1.14222,TP,35.1,4563.0,129267,129423
EURUSD,2019-04-13,pivot,BUY1,BUY,100.0,1.12976,1.12572,SL,-40.4,-4040.0,131523,131651
EURUSD,2019-04-13,pivot,SELL1,SELL,130.0,1.12976,1.12572,TP,40.4,5252.0,131523,131651
EURUSD,2019-04-27,pivot,BUY1,BUY,100.0,1.11429,1.11939,TP,51.0,5100.0,131859,131938
EURUSD,2019-04-27,pivot,SELL1,SELL,130.0,1.11429,1.12032,TIME_EXIT,-60.3,-7839.0,131859,132290
EURUSD,2019-05-10,pivot,BUY1,BUY,100.0,1.12185,1.11734,SL,-45.1,-4510.0,132171,132329
EURUSD,2019-05-10,pivot,SELL1,SELL,130.0,1.12185,1.11734,TP,45.1,5863.0,132171,132329
EURUSD,2019-06-05,pivot,BUY1,BUY,100.0,1.12535,1.12974,TP,43.9,4390.0,132795,132807
EURUSD,2019-06-05,pivot,SELL1,SELL,130.0,1.12535,1.12267,TP,26.8,3484.0,132795,132813
EURUSD,2019-06-07,pivot,BUY1,BUY,100.0,1.12756,1.1329,TP,53.4,5340.0,132843,132857
EURUSD,2019-06-07,pivot,SELL1,SELL,130.0,1.12756,1.12008,TP,74.8,9724.0,132843,133115
EURUSD,2019-06-21,pivot,BUY1,BUY,100.0,1.12943,1.13373,TP,43.0,4300.0,133179,133195
EURUSD,2019-06-21,pivot,SELL1,SELL,130.0,1.12943,1.12351,TP,59.2,7696.0,133179,133527
EURUSD,2019-07-19,pivot,BUY1,BUY,100.0,1.12608,1.12051,SL,-55.7,-5570.0,133851,133869
EURUSD,2019-07-19,pivot,SELL1,SELL,130.0,1.12608,1.12051,TP,55.7,7241.0,133851,133869
EURUSD,2019-07-26,pivot,BUY1,BUY,100.0,1.11447,1.11013,SL,-43.4,-4340.0,134019,134157
EURUSD,2019-07-26,pivot,SELL1,SELL,130.0,1.11447,1.11013,TP,43.4,5642.0,134019,134157
EURUSD,2019-08-17,pivot,BUY1,BUY,100.0,1.10899,1.10662,SL,-23.7,-2370.0,134547,134632
EURUSD,2019-08-17,pivot,SELL1,SELL,130.0,1.10899,1.10662,TP,23.7,3081.0,134547,134632
EURUSD,2019-09-10,pivot,BUY1,BUY,100.0,1.10469,1.10153,SL,-31.6,-3160.0,135123,135157
EURUSD,2019-09-10,pivot,SELL1,SELL,130.0,1.10469,1.10153,TP,31.6,4108.0,135123,135157
EURUSD,2019-09-13,pivot,BUY1,BUY,100.0,1.1056,1.11071,TP,51.1,5110.0,135195,135202
EURUSD,2019-09-13,pivot,SELL1,SELL,130.0,1.1056,1.09268,TP,129.2,16796.0,135195,135517
EURUSD,2019-09-28,pivot,BUY1,BUY,100.0,1.09367,1.09046,SL,-32.1,-3210.0,135555,135615
EURUSD,2019-09-28,pivot,SELL1,SELL,130.0,1.09367,1.09046,TP,32.1,4173.0,135555,135615
EURUSD,2019-10-04,pivot,BUY1,BUY,100.0,1.09745,1.10192,TP,44.7,4470.0,135699,135850
EURUSD,2019-10-04,pivot,SELL1,SELL,130.0,1.09745,1.11515,TIME_EXIT,-177.0,-23010.0,135699,136130
EURUSD,2019-10-11,pivot,BUY1,BUY,100.0,1.10105,1.10537,TP,43.2,4320.0,135867,135878
EURUSD,2019-10-11,pivot,SELL1,SELL,130.0,1.10105,1.10982,TIME_EXIT,-87.7,-11401.0,135867,136298
EURUSD,2019-10-12,pivot,BUY1,BUY,100.0,1.10329,1.10007,SL,-32.2,-3220.0,135891,135975
EURUSD,2019-10-12,pivot,SELL1,SELL,130.0,1.10329,1.10007,TP,32.2,4186.0,135891,135975
