date,entry_px,exit_px,net_pips,exit_reason,+DI_prev,-DI_prev
2003-09-12,131.08667,132.0733,-99.6632,SL,25.0632,22.7984
2003-09-16,132.41667,131.23854,116.8125,TP,25.7731,20.9636
2003-10-08,129.39333,128.21675,116.6585,TP,23.7063,18.3763
2003-10-25,129.03167,127.99311,102.856,TP,22.7754,17.032
2003-10-26,128.67,127.70413,95.5872,TP,22.7401,17.0056
2003-10-27,128.415,127.48029,92.4711,TP,21.8198,19.7248
2003-11-04,127.29333,126.39449,88.8848,TP,24.7523,23.4069
2003-11-18,128.40667,129.07689,-68.0225,SL,34.9692,21.7037
2003-11-21,129.80333,128.84809,94.5248,TP,31.3246,15.85
2003-11-25,129.03667,129.7396,-71.2929,SL,24.3449,22.6196
2003-11-26,129.11667,129.82639,-71.9719,SL,22.3897,20.8029
2003-11-30,131.47,132.15523,-69.523,SL,28.6526,16.019
2003-12-02,131.12,131.8437,-73.3704,SL,27.915,18.8401
2003-12-05,130.82,131.56406,-75.4058,SL,21.7389,16.8893
2003-12-08,130.941,131.58508,-65.4082,SL,21.9314,15.6216
2003-12-14,132.4,131.56995,82.0045,TP,25.7303,10.1018
2003-12-15,131.77967,132.43211,-66.2439,SL,23.3819,18.3071
2003-12-17,132.60333,133.26597,-67.2634,SL,25.0858,15.5423
2003-12-20,133.48,134.13693,-66.6935,SL,25.6085,12.552
2003-12-21,133.36,133.97001,-62.0011,SL,25.6085,12.552
2003-12-22,133.36567,133.95806,-60.2389,SL,27.2214,12.0022
2003-12-23,133.36667,133.94824,-59.1575,SL,26.3144,11.3521
2003-12-24,133.18,133.74353,-57.3534,SL,25.217,12.387
2003-12-26,133.47,134.01323,-55.3226,SL,25.7185,11.0799
2003-12-28,133.53,134.03043,-51.0429,SL,24.0721,12.1334
2003-12-29,133.395,133.87888,-49.3884,SL,23.1169,14.9482
2004-01-04,134.69,135.23076,-55.0762,SL,25.2498,10.2489
2004-01-06,134.94333,135.5134,-58.0065,SL,29.6952,8.3828
2004-01-07,135.18333,134.39248,78.085,TP,27.8937,7.2942
2004-01-08,134.51667,133.69456,81.2111,TP,24.9164,9.9154
2004-01-12,136.975,136.07837,88.6633,TP,32.5299,10.822
2004-01-13,136.25333,135.31805,92.5288,TP,28.9579,17.4313
2004-02-08,134.09,134.89768,-81.7676,SL,26.017,23.2514
2004-02-11,134.13,134.94013,-82.0129,SL,25.8224,23.6422
2004-02-13,135.01667,135.83484,-82.8172,SL,25.6214,20.1849
2004-02-14,134.75,135.59173,-85.1731,SL,23.1254,21.545
2004-02-16,134.27467,135.0131,-74.8429,SL,23.948,21.1759
2004-02-19,135.66,136.42136,-77.1357,SL,31.3703,16.444
2004-02-22,136.67,135.72828,93.1715,TP,31.1732,13.8378
2004-02-23,136.15533,136.86929,-72.3954,SL,29.3699,18.822
2004-02-26,136.58,135.57687,99.3131,TP,28.6443,15.9771
2004-02-29,136.31,135.35551,94.4487,TP,24.1031,20.4587
2004-03-02,135.97667,134.99853,96.8138,TP,22.5695,21.4868
2004-03-07,138.51,137.31241,118.7588,TP,34.6243,22.7343
2004-03-08,138.632,137.49818,112.3821,TP,35.8569,22.2977
2004-03-09,138.30333,137.15755,113.5784,TP,32.9481,25.5718
2004-03-10,137.56,136.37126,117.8742,TP,29.489,27.5896
2004-04-24,129.52567,128.19312,132.2544,TP,22.7594,19.0313
2004-05-03,132.31667,133.15707,-85.04,SL,29.9286,16.215
2004-05-04,131.77,132.60387,-84.3871,SL,28.0084,20.4513
2004-05-07,132.63667,133.50217,-87.5498,SL,27.0048,15.7761
2004-05-12,134.35,135.18964,-84.964,SL,30.7197,11.2266
2004-05-19,136.40333,135.24842,114.4911,TP,32.7674,8.7333
2004-05-21,135.16333,136.08177,-92.8441,SL,27.3292,14.5128
2004-05-26,135.62,134.52389,108.6108,TP,28.1589,13.7789
2004-05-29,134.98833,133.86662,111.1711,TP,26.3895,18.5164
2004-05-30,134.72,133.67159,103.8414,TP,26.2177,18.3959
2004-05-31,134.97767,133.97027,99.7392,TP,28.6464,17.7775
2004-06-03,134.82,135.72518,-91.5179,SL,24.8947,20.3393
2004-06-07,136.48667,135.37574,110.0924,TP,22.4213,18.2993
2004-07-01,132.06333,132.89862,-84.5286,SL,23.0012,21.7599
2004-07-08,134.25333,134.99976,-75.6426,SL,31.3595,14.4948
2004-07-10,134.373,135.11887,-75.5873,SL,29.176,13.9821
2004-07-12,133.82,134.50721,-69.7215,SL,27.3042,19.1967
2004-07-14,134.08,134.79637,-72.6369,SL,26.0846,15.8786
2004-07-19,135.41667,134.58051,82.6154,TP,27.7998,12.2091
2004-07-20,134.77333,133.9059,85.7429,TP,24.8834,20.0702
2004-07-21,134.25667,133.3316,91.5069,TP,21.6663,20.9886
2004-07-30,134.91667,134.03005,87.6614,TP,24.1881,17.9296
2004-08-09,135.49,136.09726,-61.7263,SL,28.1112,20.9574
2004-08-11,136.05,135.25769,78.2307,TP,31.013,18.0051
2004-08-12,135.59667,136.2276,-64.0934,SL,27.818,19.6371
2004-08-16,136.73,135.96164,75.8356,TP,26.3695,20.153
2004-08-17,136.52333,135.74551,76.7823,TP,24.188,21.5777
2004-09-15,134.44,133.67001,75.9989,TP,26.4934,20.8012
2004-09-16,133.87667,133.10968,75.699,TP,24.6972,23.7978
2004-09-18,133.85167,134.44775,-60.6082,SL,26.7982,24.5159
2004-09-24,135.95,136.53364,-59.3635,SL,38.4891,20.1666
2004-09-25,135.90167,136.48861,-59.6947,SL,35.5382,18.9612
2004-09-29,137.07,136.3414,71.86,TP,41.5425,16.3786
2004-10-01,136.79667,136.0447,74.1964,TP,36.6086,16.7337
2004-10-05,136.51,135.8011,69.8896,TP,31.425,22.4576
2004-10-08,136.7,135.99205,69.7952,TP,25.3647,19.4298
2004-10-11,135.89333,135.2518,63.1538,TP,24.0319,23.2737
2004-10-19,136.55,135.92057,61.9426,TP,25.1478,24.0299
2004-10-27,136.26667,135.55645,70.0212,TP,20.6254,17.681
2004-11-07,136.87,136.17746,68.2541,TP,23.8086,16.5719
2004-11-13,137.09,136.34735,73.2653,TP,26.2319,22.0153
2004-11-14,136.93,136.24039,67.9606,TP,26.2319,22.0153
2004-11-15,136.97667,136.32286,64.3804,TP,27.4717,21.5623
2004-11-28,136.36,136.87521,-52.5209,SL,27.9,22.0722
2004-12-02,136.82667,136.20496,61.1707,TP,28.6992,18.8589
2004-12-06,137.211,137.65264,-45.1645,SL,28.4737,22.1148
2004-12-11,139.24667,139.7988,-56.2136,SL,36.9058,12.212
2004-12-12,139.13,139.6427,-52.2698,SL,36.9058,12.212
2004-12-16,139.79667,139.09273,69.3938,TP,36.0042,10.2366
2004-12-17,139.05,138.28649,75.3506,TP,30.8241,16.5109
2004-12-26,140.27,140.76487,-50.487,SL,34.7663,10.8951
2004-12-28,140.30667,140.78289,-48.6224,SL,35.193,11.361
2004-12-29,140.33333,140.79954,-47.6208,SL,33.3812,10.7761
2004-12-31,140.67,139.96718,69.2817,TP,32.9858,8.0126
2005-01-01,139.38667,138.6346,74.2066,TP,28.6239,19.1395
2005-01-02,139.07,138.37165,68.8347,TP,28.6239,19.1395
2005-01-04,138.57333,137.87889,68.4446,TP,26.6273,25.0009
2005-01-28,134.43,135.09879,-67.8791,SL,20.7086,16.8342
2005-02-02,135.27667,134.52114,74.5529,TP,23.9328,13.3737
2005-02-03,135.26,134.50059,74.9412,TP,23.9071,12.3549
2005-02-07,134.16567,134.74144,-58.5772,SL,22.792,18.3795
2005-02-08,133.90333,134.48048,-58.7145,SL,21.1136,20.4654
2005-02-12,136.02667,136.6332,-61.6538,SL,28.8404,14.478
2005-02-13,136.0,136.56321,-57.3213,SL,28.8404,14.478
2005-02-20,138.08,137.35861,71.1395,TP,34.0393,10.451
2005-02-22,137.83,137.15298,66.7023,TP,31.2738,13.9627
2005-02-27,139.36,138.69063,65.9366,TP,30.6081,13.4316
2005-02-28,139.043,138.38342,64.958,TP,28.8435,17.9492
2005-03-01,138.44667,137.75945,67.7217,TP,25.7062,23.6866
2005-03-06,138.67,139.15026,-49.026,SL,26.9363,23.5483
2005-03-07,138.52133,138.98114,-46.9806,SL,26.1249,25.5902
2005-03-10,139.19333,139.70065,-51.7315,SL,28.7036,19.5558
2005-03-13,139.94,140.41244,-48.2445,SL,26.5592,16.8131
2005-03-16,139.43,139.93076,-51.0763,SL,26.8676,24.0867
2005-03-31,138.94933,138.3336,60.5734,TP,27.6678,23.3704
2005-04-02,138.93567,139.44168,-51.6017,SL,23.3182,22.6236
2005-04-06,139.18633,139.63446,-45.813,SL,26.0893,21.7729
2005-04-08,139.609,140.0893,-49.0305,SL,27.346,17.516
2005-04-11,139.98267,139.40467,56.7998,TP,25.4404,18.0687
2005-04-12,139.82967,139.25005,56.9613,TP,23.5574,19.8714
2005-04-22,139.68333,139.02496,64.8374,TP,22.81,19.1815
2005-07-02,133.76067,132.95395,79.6716,TP,25.2099,18.3822
2005-07-04,133.40667,132.67769,71.8973,TP,24.0553,21.7311
2005-07-08,133.89,134.4611,-58.1096,SL,26.134,20.9808
2005-07-11,134.27667,134.79016,-52.3489,SL,24.7185,22.1884
2005-07-14,135.43333,135.97938,-55.6049,SL,29.9054,16.706
2005-07-16,135.28367,135.86167,-58.8006,SL,24.8618,16.2589
2005-07-19,135.02667,135.55174,-53.5077,SL,26.7483,14.33
2005-07-22,135.06,134.13361,91.639,TP,26.5026,24.1008
2005-07-23,134.54133,135.26719,-73.5857,SL,24.1604,21.9708
2005-07-26,134.59667,135.25657,-66.9902,SL,25.8995,21.3896
2005-08-03,136.12667,136.70243,-58.5761,SL,28.2918,18.9349
2005-08-10,138.30667,137.60349,69.3177,TP,29.9812,13.8859
2005-08-11,137.19667,136.44167,74.5,TP,25.9288,25.2673
2005-08-12,136.81333,136.07326,73.0071,TP,24.5624,24.3749
2005-08-30,135.44667,135.94444,-50.777,SL,26.1161,20.7297
2005-09-06,137.0,136.35366,63.6338,TP,27.759,23.2297
2005-09-07,136.55667,137.05234,-50.567,SL,25.8549,23.452
2005-09-08,136.78667,137.30243,-52.5765,SL,26.7566,20.9284
2005-10-10,137.87667,137.28663,58.0035,TP,28.9882,19.9073
2005-10-11,137.71333,137.11214,59.119,TP,26.4182,21.6022
2005-10-17,137.82667,138.23137,-41.4704,SL,25.5301,20.1841
2005-10-19,138.29,137.74596,53.4037,TP,29.2162,16.8304
2005-10-22,138.635,138.04743,57.7574,TP,27.4872,16.1969
2005-10-24,138.33333,138.74008,-41.6749,SL,26.3362,19.3294
2005-10-29,139.69733,140.1662,-47.8869,SL,31.4531,16.319
2005-10-30,139.54,139.97713,-44.7128,SL,31.3272,16.2536
2005-11-01,139.58333,139.99373,-42.0401,SL,32.6042,14.9273
2005-11-04,140.36,139.72341,62.6586,TP,34.0483,13.7946
2005-11-05,139.96667,139.28,67.6666,TP,29.3105,16.1348
2005-11-06,139.71,139.07238,62.7618,TP,29.3105,16.1348
2005-11-07,139.613,139.00994,59.3059,TP,28.7766,17.6624
2005-11-17,139.26667,138.61045,64.6214,TP,25.5608,20.6965
2005-11-20,140.19,140.7018,-52.1804,SL,24.6659,19.7971
2005-11-26,140.288,140.80646,-52.8455,SL,19.2093,18.9237
2005-11-27,140.19,140.67167,-49.1673,SL,19.1993,18.9139
2005-12-04,141.28,141.75843,-48.8427,SL,23.396,13.4119
2005-12-07,142.43667,141.8002,62.6468,TP,32.3715,10.4935
2005-12-08,141.96667,141.30871,64.7956,TP,29.0776,15.7483
2005-12-11,142.53,143.0332,-51.3204,SL,24.0527,14.6526
2006-01-06,140.42333,139.66829,74.5038,TP,26.6526,22.8499
2006-01-28,141.97867,142.53436,-56.5694,SL,29.5796,17.1319
2006-01-29,141.83,142.3463,-52.6302,SL,29.5624,17.122
2006-01-30,141.745,142.23847,-50.3473,SL,28.7208,18.4887
2006-02-02,142.36333,142.8795,-52.6163,SL,29.0845,14.1523
2006-02-04,143.021,142.33151,67.9486,TP,30.5338,11.8758
2006-02-05,142.975,142.33457,63.0432,TP,30.5245,11.8722
2006-02-06,142.96867,142.36319,59.5476,TP,30.8931,11.6606
2006-02-07,142.53,141.91447,60.5528,TP,28.218,18.2964
2006-02-19,140.925,141.46085,-54.5855,SL,25.4009,24.8149
2006-02-23,141.115,140.46479,64.0212,TP,26.5933,24.8639
2006-03-08,140.35,139.60147,73.8529,TP,29.7792,27.9584
2006-03-12,141.7,142.30085,-61.0847,SL,30.4318,21.5184
2006-03-14,142.01333,141.24877,75.4561,TP,30.6246,24.1658
2006-03-18,141.569,140.77333,78.5671,TP,26.4675,26.2542
2006-03-19,141.275,141.84359,-57.8586,SL,26.4558,26.2426
2006-04-07,144.04833,143.24106,79.7273,TP,31.0289,15.9421
2006-04-08,143.22667,143.86659,-64.9924,SL,27.9596,21.4128
2006-04-12,143.57667,142.83984,72.6831,TP,30.4318,20.7881
2006-04-17,143.67333,144.15205,-48.8714,SL,24.9581,21.9096
2006-04-21,144.785,144.08663,68.837,TP,30.0583,14.5154
2006-04-22,144.234,143.50218,72.1816,TP,26.6357,17.4724
2006-06-03,144.329,144.88442,-56.5418,SL,22.8252,17.6992
2006-06-04,144.3,144.81649,-52.6495,SL,22.7921,17.6735
2006-06-09,144.57,143.84648,71.3518,TP,22.8936,17.7801
2006-06-10,144.00067,144.54832,-55.7649,SL,21.6039,18.8784
2006-06-11,144.0,144.50928,-51.9281,SL,21.5721,18.8506
2006-06-13,143.95,144.43471,-49.4711,SL,21.3795,19.0031
2006-06-16,145.015,145.51442,-50.9418,SL,25.5972,14.7668
2006-06-18,145.54,144.93343,59.6565,TP,27.2161,13.6285
2006-06-20,145.27667,144.67703,58.9633,TP,26.4157,19.5075
2006-06-24,145.65533,146.17835,-53.3017,SL,26.3018,18.7122
2006-06-25,145.61,146.10316,-50.3159,SL,25.9018,18.4276
2006-06-26,145.657,146.12623,-47.9233,SL,27.0895,17.9838
2006-06-28,146.32333,145.70898,60.4349,TP,31.8344,15.3968
2006-07-08,146.415,145.69573,70.9274,TP,20.9803,20.6594
2006-07-17,146.93,146.31056,60.9439,TP,24.4374,20.0821
2006-07-26,147.37833,146.76687,60.1465,TP,21.448,14.0852
2006-07-28,147.27667,146.6001,66.657,TP,16.7138,13.7417
2006-08-06,147.57,146.90809,65.1911,TP,18.2367,16.9034
2006-08-11,147.77,148.32715,-56.7148,SL,19.578,18.2498
2006-08-16,148.27333,148.77008,-50.6745,SL,21.1535,14.131
2006-08-19,148.50867,149.00357,-50.49,SL,19.5261,13.0838
2006-08-23,149.21,148.59352,60.6479,TP,26.5074,11.4699
2006-08-24,148.865,149.34559,-49.0592,SL,24.2874,14.7229
2006-08-25,148.94,149.43276,-50.2764,SL,23.2638,13.3335
2006-08-28,149.61667,149.03365,57.3016,TP,25.6161,11.7299
2006-09-01,150.385,149.78974,58.5264,TP,28.0688,14.1905
2006-09-20,149.28667,148.50388,77.279,TP,25.3251,18.6317
2006-09-22,148.815,148.03451,77.0489,TP,21.9008,18.6644
2006-10-03,149.935,150.43081,-50.5812,SL,23.431,22.0695
2006-10-05,149.86667,149.20309,65.3572,TP,21.5799,19.6594
2006-11-05,150.08,150.47806,-40.8057,SL,18.2653,17.3419
2006-11-08,150.31333,150.69318,-38.9844,SL,20.0557,16.0829
2006-11-11,151.03667,151.42796,-40.1291,SL,27.2755,12.6103
2006-11-12,150.91,151.27609,-37.6091,SL,27.0706,12.5156
2006-11-14,151.02,150.55982,45.0181,TP,31.4847,11.1606
2006-11-15,150.855,151.22195,-37.6951,SL,28.2028,13.6762
2006-11-17,151.265,151.63708,-38.208,SL,26.0798,11.6297
2006-11-18,151.01967,151.38987,-38.0203,SL,24.3397,14.9596
2006-11-19,150.97,151.31491,-35.491,SL,24.2586,14.9097
2006-11-21,151.36333,150.92416,42.9177,TP,31.4512,13.1253
2006-11-24,150.68,151.04466,-37.4657,SL,23.329,20.2985
2006-11-26,151.74,152.11014,-38.0138,SL,27.7199,17.2431
2006-12-03,153.92,153.40148,50.8521,TP,39.9514,9.5249
2006-12-05,153.87667,153.38294,48.3725,TP,39.5746,10.4101
2006-12-06,153.17667,152.63566,53.1009,TP,33.5361,20.8363
2006-12-11,153.35967,153.76497,-41.5302,SL,32.244,19.8644
2006-12-14,155.19667,154.6033,58.3363,TP,41.6242,14.1228
2006-12-15,155.08333,154.47775,59.558,TP,37.8713,14.9962
2006-12-16,154.61667,155.13322,-52.6557,SL,31.7129,21.6563
2006-12-17,154.57,155.04966,-48.966,SL,31.7129,21.6563
2006-12-18,154.41233,154.87263,-47.0299,SL,30.6863,24.1923
2006-12-21,156.08,155.4305,63.9496,TP,39.7476,17.8455
2006-12-22,155.97167,156.47684,-51.5176,SL,36.502,18.7143
2006-12-23,156.05967,156.55496,-50.5292,SL,34.5711,17.7243
2006-12-24,155.95,156.41086,-47.0864,SL,34.4998,17.6878
2007-02-04,157.10333,157.53286,-43.9525,SL,30.7324,19.7639
2007-02-11,158.31,158.75056,-45.0555,SL,38.0778,15.4279
2007-02-13,158.09667,157.46687,61.9802,TP,36.3927,18.63
2007-02-15,158.19333,157.53308,65.0252,TP,36.0359,17.9281
2007-02-16,157.16667,156.45803,69.8641,TP,31.177,26.0591
2007-02-18,156.87,157.37762,-51.7624,SL,28.8673,27.6041
2007-02-19,156.948,157.43032,-49.2315,SL,30.2645,26.9774
2007-02-25,159.37,158.7291,63.0904,TP,41.3798,18.2204
2007-03-28,157.55333,156.56458,97.8755,TP,26.2239,22.2167
2007-04-08,159.6,160.29811,-70.8107,SL,28.5488,18.3467
2007-04-10,159.35333,159.98224,-63.8903,SL,27.3248,20.655
2007-04-13,160.505,161.13814,-64.3144,SL,33.0543,17.6904
2007-04-15,161.3,161.91939,-62.9389,SL,33.5563,15.5922
2007-04-16,161.847,161.02657,81.0426,TP,39.3756,14.2099
2007-04-18,161.55167,160.72515,81.6521,TP,33.7011,13.9708
2007-04-22,161.49333,160.61035,87.2981,TP,29.4536,21.1073
2007-04-24,161.04,161.70754,-67.7544,SL,25.8403,24.5849
2007-04-29,163.17,162.32305,83.6948,TP,28.4336,18.7884
2007-04-30,162.69567,163.34068,-65.5013,SL,26.6681,23.8309
2007-05-02,163.02,162.21922,79.0775,TP,25.1485,21.5166
2007-05-04,163.27667,162.49386,77.2811,TP,23.9255,21.8311
2007-05-06,163.45,162.72882,71.118,TP,22.9334,22.893
2007-07-01,166.77,167.36705,-60.705,SL,33.295,20.3391
2007-07-03,166.69333,167.26524,-58.1903,SL,32.2762,22.2521
2007-07-04,166.675,167.25355,-58.8553,SL,32.651,20.4252
2007-07-08,168.05,168.58582,-54.5817,SL,34.8761,16.3966
2007-07-14,168.13333,168.63681,-51.3473,SL,36.4016,15.0461
2007-07-17,168.11,168.58401,-48.4011,SL,35.9024,14.8398
2008-01-02,168.28,167.64345,62.6549,TP,38.2977,13.3396
2009-02-24,120.18833,121.56804,-138.9703,SL,27.1082,22.6442
2009-02-26,124.02667,125.56933,-155.2659,SL,30.6851,17.4623
2009-03-01,123.62,125.09206,-148.2059,SL,28.4702,20.0294
2009-03-02,122.761,124.19366,-144.2662,SL,27.1636,23.6996
2009-03-03,122.33833,123.75016,-142.1829,SL,25.5955,24.4032
2009-03-06,123.85167,125.38685,-154.5179,SL,25.9381,17.9687
2009-03-08,124.3,125.74686,-145.6861,SL,23.7302,17.5302
2009-03-09,124.554,125.92491,-138.0914,SL,25.2071,17.1798
2009-03-12,124.725,123.01516,169.984,TP,25.1852,16.9032
2009-03-15,126.61,127.95554,-135.5541,SL,24.0068,19.1566
2009-03-17,127.49667,128.82941,-134.274,SL,28.9047,20.5258
2009-03-20,129.18833,130.52772,-134.9386,SL,28.5545,16.3526
2009-03-22,130.31,131.533,-123.3004,SL,27.5903,15.4417
2009-03-25,132.83333,131.20214,162.1198,TP,37.4842,12.0505
2009-03-28,131.07333,129.26084,180.2498,TP,30.4565,21.4134
2009-03-29,130.06,128.37372,167.6284,TP,30.3978,21.3722
2009-04-05,135.25,136.68048,-144.048,SL,30.9781,20.2429
2009-04-07,134.98333,133.07693,189.6407,TP,29.1104,21.6494
2009-04-15,132.13167,130.34734,177.4326,TP,24.3807,22.4595
2009-05-02,131.55667,132.92464,-137.7977,SL,27.7877,25.3724
2009-05-03,131.5,132.77051,-128.0515,SL,27.7822,25.3674
2009-05-06,131.81,130.25607,154.3928,TP,28.7405,21.9228
2009-05-10,134.21,132.62027,157.9734,TP,28.0146,20.5149
2009-05-24,132.64,133.90007,-127.007,SL,25.5306,21.8273
2009-05-25,132.75333,133.94515,-120.1815,SL,26.6798,21.429
2009-05-28,132.47833,133.67138,-120.3042,SL,21.7794,21.3133
2009-05-30,134.96,136.21021,-126.0212,SL,26.1134,17.537
2009-05-31,134.94,136.10116,-117.1161,SL,26.1077,17.5332
2009-06-01,134.67067,135.77464,-111.3971,SL,25.4988,19.4567
2009-06-03,136.53333,137.72498,-120.1644,SL,30.2002,15.5422
2009-06-04,136.34833,137.59061,-125.2276,SL,29.154,13.8438
2009-06-07,137.89,136.31782,156.2175,TP,30.9263,11.3857
2009-06-11,137.465,135.94549,150.951,TP,28.3881,16.7279
2009-06-14,137.86,136.4763,137.3701,TP,26.2903,15.0724
2009-06-15,137.61933,136.30918,130.0151,TP,25.7829,16.7114
2009-07-21,133.94333,132.51883,141.4502,TP,28.0492,20.2368
2009-07-22,133.23167,134.35417,-113.2501,SL,25.4255,22.2636
2009-07-26,134.62,135.69505,-108.5052,SL,27.8781,18.4
2009-07-27,134.595,135.62101,-103.6012,SL,28.7323,17.9023
2009-07-29,134.145,135.26908,-113.4085,SL,27.342,20.0943
2009-07-30,133.48333,134.60738,-113.4043,SL,25.39,19.1935
2009-08-01,134.92833,136.03996,-112.1629,SL,27.1938,16.7343
2009-08-02,134.91,135.94498,-104.4977,SL,27.1215,16.6898
2009-08-06,136.80167,137.87095,-107.9287,SL,30.6365,12.0102
2009-08-07,137.25833,138.31924,-107.0909,SL,30.4166,11.2404
2009-08-09,138.33,137.00545,131.4555,TP,30.7713,10.0917
2009-08-10,138.29167,137.0289,125.2769,TP,31.4127,9.8293
2009-08-11,137.42,136.15285,125.7146,TP,29.0682,15.4565
2009-08-12,136.12667,134.81223,130.4436,TP,26.0208,21.8471
2009-08-14,136.46833,134.99293,146.5405,TP,22.5217,21.5482
2009-09-23,134.57333,133.5999,96.3428,TP,24.0273,22.2938
2009-09-24,134.65667,133.69297,95.3698,TP,22.5364,20.9104
2009-10-17,135.495,136.33663,-85.1629,SL,27.9669,21.0386
2009-10-18,135.48,136.26251,-79.2513,SL,27.9312,21.0117
2009-10-19,135.55167,136.30529,-76.3619,SL,29.7502,20.2589
2009-10-25,138.17,137.23237,92.7629,TP,34.9658,16.4652
2009-10-26,138.154,137.26917,87.4825,TP,35.2874,16.2015
2009-10-27,137.42667,136.49584,92.0824,TP,31.1476,23.1483
2009-11-09,133.64167,134.69361,-106.194,SL,23.0142,21.3301
2009-11-11,134.65833,133.29408,135.4249,TP,26.281,18.4358
2009-11-13,134.35333,133.01224,133.1092,TP,23.052,17.6109
2009-11-17,133.62333,132.42528,118.8056,TP,22.1317,20.8831
2009-12-06,134.49,133.19646,128.3541,TP,27.5996,23.1812
2009-12-07,134.04667,132.79612,124.0546,TP,26.5093,26.2158
2010-01-02,133.301,132.4185,87.2498,TP,27.7042,21.7753
2010-01-03,133.22,132.40015,80.9853,TP,27.691,21.765
2010-01-04,132.935,133.55211,-62.7109,SL,26.2775,24.7861
2010-01-10,133.34,134.11039,-78.039,SL,19.097,18.8391
2010-01-12,133.82667,132.88339,93.3281,TP,24.4055,17.2466
2010-03-14,124.57,123.44515,111.4852,TP,26.4773,22.8401
2010-03-18,124.39,123.27345,110.6546,TP,25.0659,23.8411
2010-03-29,124.3,125.04485,-75.4853,SL,25.3982,23.7018
2010-04-04,127.72,126.72642,98.3576,TP,33.2151,14.8076
2010-04-05,127.665,126.71737,93.7631,TP,32.3379,15.7541
2010-04-06,127.23833,126.30054,92.7793,TP,30.3431,18.9063
2010-04-13,126.87833,125.8762,99.2129,TP,30.5555,25.9361
2010-06-22,112.465,111.13298,132.2019,TP,20.5759,20.5327
2010-07-10,112.06167,110.86801,118.3659,TP,22.773,20.9798
2010-07-11,111.98,110.87095,109.9048,TP,22.7597,20.9675
2010-07-15,112.58333,111.44917,112.4166,TP,22.7218,19.3696
2010-07-17,112.26667,113.18235,-92.5682,SL,18.6665,18.5102
2010-07-18,111.92,112.77028,-86.0276,SL,18.6665,18.5102
2010-07-22,111.45,110.26507,117.4935,TP,19.8275,18.6262
2010-07-27,112.83333,113.72372,-90.0382,SL,18.046,18.0371
2010-07-29,113.86,112.66285,118.7155,TP,21.5465,15.0372
2010-07-30,113.58333,112.40311,117.0219,TP,20.2945,14.2737
2010-08-04,113.57667,112.53575,103.0916,TP,22.8437,17.3732
2010-08-06,113.25167,112.2215,102.0171,TP,21.3535,17.509
2010-08-08,113.54,112.58291,94.709,TP,19.8179,17.5111
2010-08-09,113.4,112.49307,89.6926,TP,19.4202,19.059
2010-08-10,113.61333,112.73251,87.0821,TP,21.3717,18.2221
2010-09-18,112.19833,113.10593,-91.7599,SL,36.6063,20.7456
2010-09-19,112.03,112.87302,-85.3021,SL,36.5954,20.7394
2010-09-20,111.85833,112.65664,-80.8305,SL,35.8849,22.2783
2010-09-21,112.00667,112.7807,-78.4033,SL,36.4982,21.3357
2010-09-24,112.66167,113.45404,-80.2377,SL,35.186,19.2427
2010-09-26,113.58,114.33243,-76.243,SL,34.0476,17.4728
2010-09-28,113.32333,114.01726,-70.3922,SL,33.1373,19.7227
2010-10-03,114.85,113.98348,85.652,TP,29.2649,19.7087
2010-10-04,114.84167,114.02177,80.9901,TP,29.7107,19.3415
2010-10-05,114.36333,115.02548,-67.2143,SL,26.2781,24.6204
2010-10-08,114.865,113.94281,91.2192,TP,21.9949,21.3955
2010-11-06,114.319,113.35339,95.5614,TP,23.3619,17.2565
2010-11-07,114.0,113.10219,88.7812,TP,23.3315,17.234
2010-11-21,114.21,114.87393,-67.3934,SL,25.0458,20.9392
2011-01-05,109.37567,108.58257,78.3095,TP,24.8329,23.184
2011-01-16,110.93,110.08794,83.2058,TP,33.7926,17.3967
2011-01-18,110.093,110.73069,-64.769,SL,29.5965,25.7897
2011-01-20,110.62833,111.28762,-66.9291,SL,26.3664,21.5084
2011-01-23,112.48,113.11727,-64.7267,SL,31.8187,17.816
2011-01-24,112.51033,113.11743,-61.7097,SL,32.6284,17.3656
2011-01-29,112.35667,111.4411,90.5571,TP,28.3434,19.2983
2011-01-30,111.66,112.32008,-67.0079,SL,28.0815,19.12
2011-01-31,111.482,112.11298,-64.0981,SL,27.2782,21.1801
2011-02-04,111.716,110.83221,87.3788,TP,26.1871,23.1465
2011-02-06,111.54,112.18886,-65.8861,SL,23.6577,22.7926
2011-02-12,113.071,112.27918,78.1825,TP,28.1758,16.3698
2011-02-13,113.05,112.31233,72.7671,TP,28.084,16.3165
2011-02-14,112.824,112.11608,69.7925,TP,27.1737,19.0288
2011-02-15,112.42933,112.96999,-55.0661,SL,25.4146,23.4659
2011-02-20,113.91,113.24414,65.5861,TP,27.3461,17.1001
2011-02-22,113.78733,113.16134,61.5991,TP,25.0808,19.2421
2011-03-05,115.31733,114.47706,83.0276,TP,33.5758,17.2061
2011-03-08,114.90067,114.16536,72.5309,TP,32.526,20.1627
2011-03-11,114.624,113.89965,71.4345,TP,26.7447,21.2963
2011-04-03,119.63,120.46058,-84.0578,SL,41.4173,21.6285
2011-04-04,119.82567,120.61842,-80.2751,SL,42.9493,21.0419
2011-04-08,121.52133,122.38748,-87.6144,SL,42.7488,17.2122
2011-04-10,122.73,121.65346,106.6538,TP,42.1076,15.5228
2011-04-12,122.255,121.18123,106.3765,TP,39.7116,18.9095
2011-04-14,121.308,120.16531,113.2693,TP,32.1757,23.4607
2011-04-29,121.10867,119.89319,120.5476,TP,27.1957,20.6592
2011-04-30,120.45567,119.25681,118.8856,TP,25.6032,21.3146
2011-05-01,120.187,119.07365,110.3354,TP,25.6002,21.3121
2011-05-03,120.40633,119.35722,103.9112,TP,28.5005,19.5015
2011-05-05,119.86067,118.77134,107.9326,TP,25.1291,20.7599
2011-05-21,116.12267,114.8536,125.9065,TP,22.8873,22.4468
2011-05-22,115.68,114.50106,116.8937,TP,22.8772,22.4369
2011-06-02,116.51767,117.38847,-88.0808,SL,25.9141,17.086
2011-06-05,117.48,116.40139,106.8607,TP,22.9347,14.3578
2011-06-07,117.05367,117.84349,-79.9827,SL,20.7736,18.578
2011-07-03,117.42,116.52173,88.827,TP,28.1417,16.1865
2011-07-06,117.109,116.26612,83.2883,TP,26.0671,18.9474
2011-08-05,111.98233,110.67084,130.1493,TP,26.7444,24.5003
2011-08-07,111.978,110.72813,123.9867,TP,24.1973,22.7223
2011-08-08,112.13467,110.91642,120.8245,TP,26.7816,21.6469
2011-08-28,111.16,111.9136,-76.3595,SL,19.7159,19.3833
2011-10-14,105.81433,106.7188,-91.4466,SL,30.7422,16.3094
2011-10-16,107.15,106.02414,111.586,TP,32.3795,14.6865
2011-10-18,106.21267,105.06625,113.642,TP,27.4183,22.4751
2011-10-19,105.46533,106.3557,-90.0371,SL,25.2165,23.9667
2011-10-20,105.87533,106.76281,-89.7473,SL,25.3566,22.3274
2011-10-23,105.928,104.85413,106.3873,TP,21.8114,21.4864
2011-10-29,107.39367,108.24269,-85.9021,SL,26.7019,18.1925
2011-10-30,107.227,108.01548,-79.8476,SL,26.6985,18.1902
2011-11-01,109.03733,107.83307,119.4263,TP,42.9006,14.9688
2011-11-02,107.54833,106.25166,128.6669,TP,36.9974,15.4506
2011-11-03,107.249,108.22504,-98.6042,SL,35.1078,14.6614
2011-11-06,107.869,106.70655,115.245,TP,31.6635,14.3658
2011-11-07,107.848,106.73881,109.9188,TP,32.3139,13.9802
2011-11-14,106.401,105.39039,100.0612,TP,26.9643,24.0385
2011-12-03,104.738,103.85012,87.7882,TP,26.0893,19.6959
2011-12-04,104.43,103.60456,81.5437,TP,26.0584,19.6726
2011-12-06,104.38033,103.58313,78.7199,TP,25.8388,20.9798
2011-12-08,104.126,103.34749,76.8506,TP,24.4091,21.3694
2012-01-21,99.76533,99.05638,69.895,TP,31.3446,23.2535
2012-01-23,99.23133,99.73989,-51.8561,SL,28.9816,28.5006
2012-01-27,101.65633,100.90908,73.7252,TP,38.7562,18.7471
2012-01-30,101.37133,100.70839,65.2942,TP,36.3396,23.5977
2012-02-11,102.54333,103.15978,-62.6442,SL,32.8898,20.845
2012-02-14,102.32,102.91394,-60.3937,SL,31.5291,21.9353
2012-02-16,102.71733,103.35268,-64.5347,SL,27.827,17.6809
2012-02-28,108.26967,107.30005,95.9618,TP,40.7825,18.9397
2012-03-03,107.99467,107.05423,93.0432,TP,31.2614,16.5175
2012-03-04,107.93,107.05518,86.4818,TP,31.2057,16.488
2012-03-05,107.75267,106.91154,83.1126,TP,30.1374,18.466
2012-03-10,108.18567,108.94579,-77.0127,SL,28.4289,20.9221
2012-03-11,108.11,108.82118,-72.1182,SL,28.215,20.7648
2012-03-12,108.10533,108.78152,-68.6183,SL,28.8424,20.2796
2012-03-18,109.818,110.45286,-64.4857,SL,29.2794,16.3421
2012-03-19,109.97233,109.18445,77.7879,TP,31.1363,15.8958
2012-03-22,110.42367,109.58123,83.2433,TP,29.8619,16.1208
2012-03-23,109.30367,110.00445,-71.0788,SL,25.6412,23.8311
2012-03-25,109.28,109.94366,-67.3665,SL,23.3457,21.6976
2012-03-28,110.772,109.88989,87.2111,TP,31.6974,16.9913
2012-03-29,110.387,109.49971,87.7288,TP,29.2616,19.2165
2012-03-30,109.59167,110.31049,-72.8827,SL,25.7994,24.6429
2012-04-01,110.57,109.6661,89.3897,TP,24.0062,21.9671
2012-04-02,110.73767,109.87292,85.4748,TP,26.1796,21.3215
2012-06-16,99.61767,100.37172,-76.4052,SL,24.554,24.5181
2012-06-17,99.47,100.17224,-71.2241,SL,24.4823,24.4465
2012-06-19,99.82233,100.57686,-76.4525,SL,28.0832,21.9045
2012-06-22,100.81767,99.7828,102.4866,TP,28.0709,16.6231
2012-06-24,101.1,100.15903,93.0974,TP,26.6191,15.7634
2012-07-01,101.07,100.09685,96.3151,TP,27.2359,24.2934
2012-07-02,101.10767,100.18602,91.1645,TP,28.2131,23.8188
2012-08-20,98.105,98.6281,-53.3096,SL,26.6893,18.6714
2012-08-21,98.024,98.54073,-52.6732,SL,25.0882,20.1445
2012-08-23,98.51367,99.06266,-55.8993,SL,27.355,16.3488
2012-08-27,98.481,98.96201,-49.1013,SL,24.8021,16.5704
2012-08-28,98.49133,98.95769,-47.6355,SL,24.8587,15.8704
2012-09-02,98.6,98.00757,58.2425,TP,19.9973,17.9024
2012-09-05,98.55033,97.98883,55.1508,TP,20.6084,19.0678
2012-09-09,100.2,99.62658,56.342,TP,30.3109,16.5864
2012-09-10,100.131,99.58352,53.7476,TP,29.4796,18.1142
2012-09-11,99.962,100.3734,-42.1405,SL,28.0214,19.7948
2012-09-16,102.76,103.28134,-53.134,SL,37.2158,15.3756
2012-09-17,102.77767,103.27502,-50.7352,SL,37.9736,14.966
2012-09-18,103.184,102.50017,67.3834,TP,42.1124,13.1394
2012-09-19,102.78933,103.31864,-53.9303,SL,38.8623,13.7974
2012-09-20,102.69533,101.95713,72.82,TP,37.2912,11.9422
2012-09-21,101.596,100.81595,77.0046,TP,32.7699,20.2021
2012-09-22,101.57267,100.79335,76.9318,TP,30.4576,18.7766
2012-09-23,101.44,100.71193,71.8073,TP,30.2727,18.6626
2012-09-24,101.352,100.65806,68.3943,TP,29.4929,20.0552
2012-09-25,100.84033,100.12725,70.308,TP,26.6513,26.2447
2012-10-07,102.55,101.89561,64.4388,TP,33.9383,18.1221
2012-10-08,102.45733,101.83942,60.7916,TP,33.3742,19.483
2012-10-19,103.696,104.26771,-58.1708,SL,35.4065,17.3995
2012-10-20,103.40267,103.96659,-57.3922,SL,33.3314,17.7807
2012-10-21,103.3,103.82489,-53.4892,SL,33.252,17.7383
2012-10-24,103.79133,103.06598,71.5355,TP,35.8211,14.674
2012-10-26,103.90667,103.17176,72.4908,TP,35.7742,14.9273
2012-10-27,103.207,102.44379,75.3209,TP,31.987,20.4159
2012-10-28,103.03,102.32053,69.9474,TP,31.9519,20.3935
2012-10-29,102.96267,102.29119,66.1473,TP,31.3487,21.3831
2012-11-03,103.35333,102.65434,68.8998,TP,25.6178,21.9234
2012-11-04,103.31,102.65092,64.908,TP,25.2287,21.5904
2012-11-18,103.586,104.15631,-58.0309,SL,29.1999,22.985
2012-11-20,103.902,104.45631,-56.431,SL,32.2505,20.3907
2012-11-23,106.10767,106.74289,-64.5227,SL,38.9249,14.2463
2012-11-27,106.518,105.74885,75.9154,TP,35.1467,17.1858
2012-11-28,106.425,105.65586,75.914,TP,32.6369,15.9586
2012-12-01,107.062,107.679,-62.7003,SL,34.6535,18.1006
2012-12-02,107.059,107.63313,-58.4131,SL,34.5811,18.0628
2012-12-07,107.117,106.39155,71.5454,TP,32.9099,17.5423
2012-12-20,111.52933,110.71179,80.754,TP,48.2289,10.1976
2012-12-22,111.15567,111.82149,-67.5825,SL,39.2775,9.603
2012-12-29,113.81567,114.46792,-66.2253,SL,47.4915,5.8812
2013-01-02,114.44367,115.03075,-59.708,SL,47.3651,7.2225
2013-01-03,115.069,114.24273,81.6274,TP,50.1512,6.1947
2013-01-04,114.33067,114.99346,-67.2796,SL,44.6578,9.4465
2013-01-07,115.33333,114.54756,77.5776,TP,44.2792,8.2935
2013-01-08,114.63367,113.8279,79.5764,TP,40.0964,16.2465
2013-01-09,114.16,114.81995,-66.9946,SL,34.9685,18.4343
2013-01-16,118.56733,117.46661,109.0719,TP,39.6033,16.1233
2013-01-19,120.013,118.73003,127.2973,TP,39.1149,16.0292
2013-01-22,119.41933,118.29184,111.7492,TP,36.9585,20.5013
2013-01-23,118.442,117.21129,122.0712,TP,31.4403,25.5843
2013-01-29,121.97933,122.94031,-97.0974,SL,40.0887,21.4023
2013-02-04,126.65967,125.47851,117.1156,TP,48.1938,15.7724
2013-02-05,125.12733,126.09757,-98.0233,SL,41.9078,26.0472
2013-02-07,126.65,125.24221,139.7793,TP,36.7425,20.1221
2013-02-08,125.74333,124.24292,149.0417,TP,32.0119,23.7219
2013-02-09,124.27567,125.45449,-118.8826,SL,29.1035,26.1009
2013-02-11,123.69933,124.73607,-104.6737,SL,28.5337,27.2344
2013-02-13,125.819,124.3477,146.1298,TP,35.0811,21.511
2013-02-14,125.559,124.07618,147.2815,TP,32.3223,20.8012
2013-02-15,124.61667,123.10047,150.6195,TP,29.3528,22.9843
2013-02-18,125.14433,123.76133,137.3007,TP,28.3356,23.8949
2013-02-19,125.24033,123.8904,133.9936,TP,29.0363,22.7317
2013-02-21,124.798,123.45509,133.2906,TP,25.1675,23.0064
2013-03-09,124.85967,125.97773,-112.8067,SL,29.6327,20.7226
2013-03-13,125.078,123.7878,128.0202,TP,30.4074,18.6411
2013-03-14,124.60667,125.58024,-98.3573,SL,28.7833,18.7085
2013-03-16,124.85667,123.59039,125.628,TP,27.6444,16.7286
2013-04-13,129.44367,127.94357,149.0096,TP,36.7808,15.775
2013-04-15,128.96467,127.63937,131.53,TP,35.8969,16.6073
2013-04-18,127.994,129.30334,-131.9335,SL,25.0703,22.8026
2013-04-23,129.70433,128.18085,151.3485,TP,27.0979,21.6028
2013-04-26,129.36433,127.92649,142.7846,TP,23.937,22.4
2013-05-02,128.265,129.25094,-99.5937,SL,23.2267,22.7046
2013-05-03,128.458,129.49361,-104.5613,SL,25.2646,20.0716
2013-05-07,129.96633,130.88897,-93.2633,SL,26.1164,16.7498
2013-05-08,129.5,130.42638,-93.6381,SL,24.1529,18.8962
2013-05-16,131.77633,132.59821,-83.1876,SL,27.2212,15.865
2013-05-17,131.68367,132.49289,-81.922,SL,25.6721,14.9622
2013-05-21,131.78833,132.54375,-76.5416,SL,22.2317,21.4611
2013-05-23,132.75633,131.74588,100.0457,TP,29.2983,17.9843
2013-06-01,130.95067,129.81169,112.8977,TP,21.0111,19.0119
2013-06-21,128.68367,127.20488,146.8791,TP,26.4914,20.7752
2013-06-22,128.63833,127.14135,148.6988,TP,24.3001,19.2001
2013-06-25,128.238,126.85712,137.0879,TP,24.0467,20.8499
2013-06-29,128.99967,130.05759,-106.7923,SL,23.7445,18.4901
2013-07-05,129.37333,130.33709,-97.3752,SL,25.8921,18.7585
2013-07-10,129.51533,128.392,111.3332,TP,22.0567,21.1152
2013-07-15,129.66333,130.47835,-82.5016,SL,20.1086,18.6113
2013-07-17,130.388,131.19084,-81.284,SL,22.6385,16.2909
2013-07-18,130.75233,131.55133,-80.8994,SL,24.5394,15.2001
2013-07-23,131.315,132.05215,-74.7149,SL,22.9289,20.5144
2013-07-26,131.885,130.89952,97.5475,TP,22.2738,16.4326
2013-08-20,130.343,129.50919,82.3813,TP,25.9113,19.4917
2013-08-22,130.589,131.24882,-66.9821,SL,23.423,20.341
2013-08-24,132.119,131.24295,86.6055,TP,29.6943,17.1728
2013-08-27,131.719,130.93788,77.1122,TP,26.6643,21.1052
2013-09-06,131.50667,130.69695,79.972,TP,28.6904,20.2833
2013-09-12,132.99767,132.15218,83.5482,TP,36.2385,18.4659
2013-09-14,132.12867,132.79731,-67.8647,SL,30.3924,23.1319
2013-09-21,134.39233,133.55358,82.8756,TP,35.5329,18.3092
2013-09-24,133.57833,132.80941,75.8925,TP,32.2107,25.3908
2013-09-25,133.23933,133.85362,-62.4282,SL,28.7998,25.8846
2013-09-26,133.101,133.71501,-62.4005,SL,26.7547,24.1443
2013-09-28,132.992,132.18104,80.0956,TP,25.5272,22.583
2013-10-19,133.84733,134.38567,-54.8342,SL,25.0294,22.0481
2013-10-24,134.37433,134.92332,-55.8982,SL,31.2415,20.4363
2013-10-29,134.69867,135.18202,-49.3352,SL,29.9236,16.0821
2013-11-19,134.971,135.47289,-51.1886,SL,31.2572,22.3008
2013-11-21,134.87333,135.45626,-59.2923,SL,28.0392,20.8186
2013-11-25,137.25767,137.83347,-58.5801,SL,32.3158,15.6694
2013-11-26,137.40467,137.98759,-59.2923,SL,35.3364,14.3724
2013-11-27,137.38967,137.95785,-57.8185,SL,33.6634,13.6919
2013-11-30,139.276,139.87501,-60.9012,SL,40.9559,10.3984
2013-12-02,139.256,139.78335,-53.7345,SL,42.1707,10.1844
2013-12-04,139.262,138.54368,70.8316,TP,37.4673,11.4575
2013-12-11,141.644,142.23765,-60.3653,SL,38.8592,7.768
2013-12-14,142.015,141.18428,82.0724,TP,37.3416,8.2067
2013-12-18,141.41633,141.994,-58.7671,SL,30.7106,13.3819
2013-12-21,142.36333,142.96319,-60.9853,SL,31.1452,10.3181
2013-12-25,142.627,143.1313,-51.43,SL,32.9357,10.0308
2013-12-28,144.60867,143.8756,72.3066,TP,47.921,7.1824
2014-01-01,144.73233,144.07365,64.868,TP,45.1053,7.3048
2014-01-03,143.71067,142.97152,72.9149,TP,34.6578,21.2308
2014-01-04,142.56667,141.79243,76.4232,TP,30.7239,26.2089
2014-01-09,142.52433,141.79777,71.6563,TP,29.3133,26.416
2014-01-11,142.47967,141.72818,74.1489,TP,24.6877,22.6481
2014-02-22,140.784,139.90752,86.6478,TP,27.5495,21.2463
2014-02-26,140.50467,139.74256,75.2108,TP,24.9017,22.8348
2014-03-12,142.78233,141.94734,82.4996,TP,34.0038,23.0103
2014-03-31,141.525,142.10342,-58.8422,SL,23.1677,19.2012
2014-04-03,143.063,142.27636,77.6637,TP,31.204,14.6957
2014-04-04,142.77167,141.9677,79.3963,TP,28.3507,16.7395
2014-04-05,141.835,141.00916,81.5837,TP,25.6284,22.4047
2014-04-26,141.37067,141.83623,-47.5561,SL,18.0891,17.6864
2014-04-28,141.354,141.76398,-41.9977,SL,19.3827,17.3176
2014-04-30,141.90867,141.32207,57.6593,TP,25.7719,13.567
2014-05-03,141.91667,141.32195,58.4722,TP,24.3526,15.049
2014-05-05,141.78633,141.26483,51.1506,TP,25.4914,14.7977
2014-05-07,141.71433,141.18587,51.8464,TP,25.2697,17.5595
2014-05-14,140.35767,139.7778,56.9864,TP,23.1651,21.1956
2014-06-05,139.725,139.25637,45.863,TP,29.0194,20.9867
2014-08-01,137.65433,137.95542,-31.1092,SL,28.8467,21.6656
2014-08-02,137.77667,137.38363,38.3035,TP,29.5371,20.0354
2014-08-05,137.65533,137.30187,34.3459,TP,26.297,23.6067
2014-08-23,137.63967,137.2142,41.5462,TP,24.1934,22.7319
2014-09-04,137.956,137.51327,43.2728,TP,31.1539,18.8032
2014-09-15,139.098,138.57754,51.0456,TP,40.1169,19.4894
2014-09-16,138.73467,139.13837,-41.3704,SL,36.942,24.8579
2014-09-20,140.24633,139.60982,62.6514,TP,43.983,15.2379
2014-09-22,139.92233,139.35049,56.1841,TP,45.3732,14.6248
2014-09-23,139.85633,139.28822,55.811,TP,42.4089,15.1567
2014-09-24,139.65567,139.06645,57.9216,TP,37.9691,17.5634
2014-09-26,138.89333,138.2563,62.7031,TP,30.2813,22.4143
2014-09-27,138.68433,138.04724,62.7094,TP,28.1156,21.2295
2014-09-30,138.85667,138.3011,54.5571,TP,32.1144,19.4917
2014-10-30,137.63933,138.16786,-53.8531,SL,24.1091,21.0316
2014-11-07,143.00233,143.72736,-73.5029,SL,43.1164,9.9728
2014-11-10,142.706,143.3349,-63.8904,SL,41.1971,9.2052
2014-11-13,143.81867,144.50371,-69.5041,SL,43.3894,9.787
2014-11-18,145.44733,146.13853,-70.1198,SL,43.7279,12.932
2014-11-21,148.445,147.43871,99.6289,TP,48.1915,9.2456
2014-11-22,146.65,147.50108,-86.1078,SL,40.7002,20.7214
2014-11-24,145.77133,146.51942,-75.8088,SL,39.9249,22.2315
2014-12-01,147.832,148.50102,-67.9024,SL,42.1668,15.2343
2014-12-02,147.595,148.26969,-68.4686,SL,38.8262,18.2219
2014-12-03,147.76467,148.42791,-67.3244,SL,36.9388,17.2123
2014-12-09,148.771,147.91244,84.8563,TP,37.0276,21.0646
2014-12-11,147.15,147.90734,-76.7341,SL,27.8416,26.8618
2015-03-20,129.34533,130.32457,-98.9241,SL,24.2052,23.7468
2015-03-23,130.064,130.96244,-90.8444,SL,24.2839,20.7228
2015-03-25,130.825,129.61769,119.731,TP,25.7696,17.286
2015-03-27,130.09967,128.90833,118.1333,TP,22.5177,21.1064
2015-03-30,129.78567,128.7415,103.4171,TP,21.8273,21.7765
2015-04-04,130.484,129.39928,107.4722,TP,23.1622,20.5966
2015-04-06,130.68533,129.72124,95.4091,TP,25.4571,19.9814
2015-04-07,130.78767,129.8353,94.2362,TP,26.5576,18.7827
2015-04-08,130.40567,129.45445,94.1221,TP,24.6902,20.2363
2015-04-25,129.42767,130.17361,-75.5946,SL,21.9106,20.2166
2015-05-02,134.59867,133.46777,112.0896,TP,41.2193,11.2318
2015-05-04,134.47033,133.47741,98.2919,TP,40.48,12.333
2015-05-05,134.112,133.12318,97.8816,TP,37.7445,15.8381
2015-05-08,134.935,133.85187,107.3129,TP,36.0827,14.6348
2015-05-09,134.56,135.39766,-84.7663,SL,33.3259,14.1971
2015-05-13,134.5,135.2454,-75.54,SL,34.947,16.4383
2015-05-18,136.59,135.72158,85.8415,TP,36.1218,13.5164
2015-05-19,136.11333,135.21783,88.5501,TP,32.5272,18.791
2015-05-20,134.734,133.77981,94.4191,TP,28.346,27.5882
2015-05-22,134.68367,133.73081,94.2858,TP,27.8248,23.9921
2015-05-23,134.28867,133.29877,97.9902,TP,24.8705,24.7082
2015-06-01,136.19867,135.38424,80.443,TP,31.7467,20.6928
2015-06-05,139.86367,140.70047,-84.68,SL,41.9134,15.9861
2015-06-06,139.76533,140.62581,-87.0478,SL,37.8486,15.0226
2015-06-11,139.35867,138.23107,111.7601,TP,32.955,16.7928
2015-06-12,139.05933,139.91666,-86.7329,SL,30.96,15.7763
2015-06-15,138.48567,139.27408,-79.841,SL,26.9552,22.5971
2015-06-17,139.01,139.83319,-83.3192,SL,28.2957,18.661
2015-06-19,140.008,138.90353,109.4466,TP,27.3563,15.5904
2015-06-20,139.36567,140.20652,-85.0854,SL,25.6661,18.0166
2015-06-22,139.533,140.29222,-76.9222,SL,29.0146,17.205
2015-06-24,138.887,137.83536,104.164,TP,27.7038,20.4437
2015-07-30,136.33567,137.00938,-68.3709,SL,25.294,21.5061
2015-07-31,135.922,136.59509,-68.3087,SL,23.509,23.242
2015-08-01,136.32333,135.3959,91.7432,TP,26.6093,20.3621
2015-08-04,135.92133,135.11053,80.0799,TP,27.0071,19.7127
2015-08-05,135.57667,136.20051,-63.3842,SL,25.072,20.849
2015-08-15,138.28333,137.48255,79.0788,TP,30.3818,13.6224
2015-08-17,138.00633,137.2998,69.653,TP,29.6914,14.8124
2015-08-18,137.935,137.22622,69.8779,TP,27.4831,16.627
2015-08-19,137.38867,137.93639,-55.7721,SL,25.4032,20.07
2015-08-24,138.49867,137.81751,67.1158,TP,27.3891,22.4466
2015-09-15,136.20733,135.3094,88.7936,TP,29.8584,26.825
2015-10-06,135.05133,135.6668,-62.5464,SL,26.8515,26.0456
2015-10-13,136.481,135.70919,76.181,TP,27.0036,19.0637
2015-10-14,136.30133,135.54643,74.4901,TP,25.6364,20.0445
2015-10-15,136.377,135.6456,72.1399,TP,24.7568,19.2108
2015-12-05,133.94867,133.07715,86.1513,TP,35.1001,13.1063
2015-12-08,133.647,132.88498,75.2021,TP,33.6382,17.0
2015-12-11,133.35833,132.59207,75.6261,TP,28.4928,19.8809
2015-12-12,133.11433,133.71936,-61.503,SL,25.7755,19.175
2015-12-14,132.772,133.32318,-56.1184,SL,24.396,22.1855
2015-12-16,133.088,133.64161,-56.3612,SL,24.906,19.0454
2015-12-17,133.285,132.55912,71.5879,TP,25.1955,17.5344
2015-12-18,132.874,133.42544,-56.1435,SL,23.69,19.2159
2015-12-29,132.13333,131.51368,60.9656,TP,25.5627,24.6426
2016-02-03,131.20033,130.37933,81.1003,TP,35.9473,17.3223
2016-02-05,131.05567,130.21954,82.6127,TP,34.928,19.8489
2016-02-06,130.498,129.66576,82.2239,TP,32.5847,22.2584
2016-04-02,127.47067,126.67723,78.3437,TP,23.011,16.2373
2016-04-05,126.81533,126.10669,69.8641,TP,22.3404,20.6466
2016-04-22,123.97,124.62296,-66.2958,SL,24.4378,21.6403
2016-04-25,125.291,125.92299,-64.1987,SL,23.9128,19.9505
2016-05-12,123.91467,124.58751,-68.2838,SL,30.6612,21.0905
2016-05-13,124.13933,123.26498,86.4352,TP,31.1584,19.5916
2016-05-14,123.22733,123.92067,-70.3337,SL,28.0665,24.4192
2016-05-18,123.57967,122.78861,78.1058,TP,34.5059,20.6857
2016-05-20,123.27767,123.88919,-62.1524,SL,29.6057,20.013
2016-05-23,123.511,122.80671,69.4288,TP,28.8653,19.3236
2016-06-01,123.44767,122.75304,68.4623,TP,32.0366,17.6867
2016-06-02,122.559,121.82182,72.7177,TP,28.031,24.9805
2016-06-08,122.06533,121.30743,74.7904,TP,29.1471,23.8467
2016-06-24,119.13267,117.78173,134.0941,TP,26.9206,20.4182
2016-07-14,115.529,116.59622,-107.7217,SL,31.7358,24.6726
2016-07-16,116.51433,117.70362,-119.9289,SL,33.1649,19.0902
2016-07-20,117.006,118.07388,-107.7882,SL,36.1504,15.8065
2016-07-22,117.106,115.65391,144.2092,TP,32.6971,14.7622
2016-07-23,116.62667,115.20998,140.6686,TP,31.1204,14.0503
2016-07-26,116.336,115.11747,120.8528,TP,30.7618,15.1166
2016-07-27,115.24233,116.19371,-96.1377,SL,28.1428,21.9809
2016-07-28,116.14367,114.86593,126.7733,TP,30.7741,19.7568
2016-07-30,114.947,113.50599,143.1009,TP,23.5282,20.6809
2016-08-02,114.33733,113.09896,122.8373,TP,25.3731,19.2677
2016-08-03,113.73467,112.46749,125.7178,TP,23.0251,22.7323
2016-08-11,113.127,113.85711,-74.0115,SL,21.9616,21.4546
2016-08-13,113.26967,114.01012,-75.0455,SL,22.338,18.2408
2016-08-15,113.06333,113.71579,-66.2454,SL,23.0848,17.8494
2016-08-18,113.149,113.80317,-66.4174,SL,23.6318,18.1572
2016-08-20,113.52467,114.16931,-65.464,SL,22.0118,15.8875
2016-08-22,113.687,112.93003,74.6974,TP,25.4685,15.1658
2016-08-23,113.57067,112.84072,71.9944,TP,24.5251,15.0492
2016-08-24,113.434,113.98039,-55.6389,SL,23.4029,16.0444
2016-08-30,114.18067,114.66924,-49.8574,SL,28.3367,14.5616
2016-09-03,115.91733,115.24267,66.4666,TP,34.5813,10.1919
2016-09-05,115.999,115.39907,58.9927,TP,36.5659,9.8827
2016-09-06,115.548,114.92696,61.1035,TP,32.8,16.7147
2016-09-07,114.60967,113.91749,68.2181,TP,27.3266,25.3914
2016-09-10,115.42267,114.69282,71.9845,TP,33.424,19.9641
2016-09-13,114.69367,114.0065,67.7171,TP,28.423,26.7462
2016-09-15,115.462,114.71429,73.7706,TP,29.2433,23.7052
2016-09-16,114.865,114.10811,74.6894,TP,26.8249,26.1502
2016-10-07,115.82167,115.06433,74.7334,TP,27.9167,19.955
2016-10-08,115.335,114.58828,73.6723,TP,26.2909,23.4151
2016-10-10,115.417,114.74506,66.1938,TP,29.3712,22.4366
2016-10-26,113.54533,114.05033,-51.4998,SL,22.6232,22.5543
2016-10-31,114.84433,115.32249,-48.8152,SL,28.4785,19.8956
2016-11-01,115.02067,115.48851,-47.7848,SL,29.7733,18.8814
2016-11-02,115.18867,114.56723,61.144,TP,31.3671,17.1593
2016-11-03,114.72467,114.09789,61.6776,TP,28.8786,20.4543
2016-11-08,115.483,115.94859,-47.5593,SL,32.1305,17.3771
2016-11-12,115.84,116.45321,-62.321,SL,24.2664,19.6239
2016-11-14,115.71933,116.26027,-55.0937,SL,25.0131,19.1813
2016-11-17,116.754,117.33977,-59.577,SL,31.1406,14.1823
2016-11-21,117.50333,118.02406,-53.0729,SL,31.0193,12.3146
2016-11-28,119.61667,118.94792,65.8747,TP,37.1491,11.4831
2016-11-29,118.92867,119.46164,-54.2977,SL,33.2947,18.838
2016-12-03,121.25667,120.4283,81.8367,TP,35.8873,11.7145
2016-12-07,122.37033,123.16392,-80.359,SL,34.2592,19.4445
2016-12-09,121.80267,122.63537,-84.2701,SL,28.1523,22.6555
2016-12-14,122.46733,123.17722,-71.9883,SL,29.9399,19.4761
2016-12-16,123.28,122.30366,96.6341,TP,32.6992,15.8731
2016-12-17,123.21633,122.25793,94.8408,TP,30.9317,15.0151
2016-12-19,123.09967,122.25768,83.1982,TP,30.3586,16.1573
2016-12-20,122.17567,122.84813,-68.2466,SL,27.151,24.2277
2016-12-23,122.79033,121.93845,84.1886,TP,25.3319,19.9063
2016-12-31,123.14633,122.29578,84.0552,TP,20.3682,18.9204
2017-01-03,122.996,122.23795,74.8048,TP,21.7021,19.7443
2017-03-03,120.21133,120.71567,-51.4333,SL,28.5324,24.2739
2017-03-06,120.94,120.32703,60.2973,TP,30.7982,23.9052
2017-03-07,120.58633,121.05192,-47.5588,SL,28.9626,27.2593
2017-03-08,120.49567,120.9461,-46.0432,SL,27.7987,26.1639
2017-03-14,122.474,121.86439,59.9607,TP,36.3393,19.5335
2017-03-15,121.97933,121.34886,62.0478,TP,32.6266,22.7029
2017-03-18,121.353,120.64412,69.8883,TP,24.1956,22.4589
2017-03-21,120.98267,121.46802,-49.5357,SL,26.2216,20.2025
2017-03-22,120.97167,120.2975,66.4166,TP,26.7028,17.5573
2017-03-23,120.19633,119.50149,68.4846,TP,24.0575,23.2642
2017-04-21,117.20433,116.50486,68.9476,TP,25.7531,24.8664
2017-04-25,119.32233,119.97717,-66.4841,SL,41.7667,16.0156
2017-04-27,121.387,122.12243,-74.543,SL,45.1121,12.2962
2017-04-28,121.112,121.85905,-75.7049,SL,41.2383,13.295
2017-04-30,121.439,122.14378,-71.4775,SL,38.415,12.1512
2017-05-07,123.924,123.15247,76.1529,TP,44.4791,9.3186
2017-05-08,123.85633,123.07712,76.921,TP,45.6998,8.5677
2017-05-10,123.99067,124.59978,-61.9112,SL,43.0113,11.4618
2017-05-12,123.80133,124.42018,-62.8847,SL,36.5029,12.34
2017-05-17,125.13967,124.39008,73.9585,TP,43.2379,11.0599
2017-05-18,124.125,123.32041,79.4593,TP,37.4045,19.1005
2017-05-23,124.67967,125.30702,-63.7354,SL,35.4502,21.1405
2017-05-26,125.42633,124.65827,75.8061,TP,34.3288,17.9731
2017-05-27,124.63133,123.84488,77.6455,TP,31.1312,24.9441
2017-06-03,124.764,124.03301,72.099,TP,27.51,24.5901
2017-06-04,124.554,123.87522,66.8777,TP,27.51,24.5901
2017-06-30,128.232,127.47892,74.3077,TP,43.318,12.9089
2017-07-05,128.43533,128.98299,-55.7652,SL,36.482,14.9174
2017-07-06,128.56,129.11518,-56.5184,SL,34.6864,13.6639
2017-07-11,130.07967,130.58985,-52.0181,SL,39.2793,10.2652
2017-07-13,129.677,128.95676,71.0243,TP,34.2967,16.4623
2017-07-17,129.03033,129.53845,-51.812,SL,27.8024,18.617
2017-07-19,129.37833,128.72023,64.8101,TP,29.7468,16.1123
2017-07-20,128.999,129.51187,-52.2872,SL,27.2644,19.496
2017-07-22,129.86433,129.13455,71.9787,TP,30.4955,15.3579
2017-07-24,129.62433,128.98,63.4335,TP,31.4967,14.9985
2017-07-28,130.0,130.54235,-55.2351,SL,28.5506,18.6779
2017-07-31,129.9,130.38579,-49.5789,SL,25.5208,19.0837
2017-08-04,130.76667,130.08625,67.0413,TP,28.6011,13.1687
2017-08-05,130.50033,129.80222,68.8112,TP,25.8848,15.3072
2017-08-09,129.88133,129.22488,64.645,TP,25.5912,22.5886
2017-08-17,129.79633,129.13635,64.9984,TP,26.248,20.5244
2017-08-29,130.23767,130.75484,-52.7177,SL,27.1059,26.6354
2017-09-02,130.92067,130.19511,71.5559,TP,23.9707,20.5548
2017-09-14,131.513,130.77616,72.6838,TP,30.8743,17.3526
2017-09-15,131.145,131.72856,-59.3563,SL,27.8454,20.5083
2017-09-21,133.66433,134.2427,-58.8365,SL,39.4493,13.2823
2017-09-23,133.89633,133.13677,74.9566,TP,36.1718,11.3366
2017-09-26,132.87467,132.07371,79.0959,TP,30.1245,20.9997
2017-09-29,132.562,133.15216,-60.0161,SL,27.5381,18.7877
2017-10-03,132.51833,133.04189,-53.3554,SL,26.5828,20.6443
2017-10-06,132.24767,132.77077,-53.3103,SL,21.302,20.4048
2017-10-07,132.301,132.82639,-53.5389,SL,19.6944,18.8649
2017-10-13,133.009,132.37994,61.9059,TP,25.1267,15.412
2017-10-14,132.42,131.7842,62.5802,TP,23.0845,20.3956
2017-10-24,133.47667,133.93569,-46.9028,SL,28.3438,20.4361
2017-11-07,132.40433,131.80504,58.9289,TP,26.775,21.3689
2017-11-08,132.06833,131.47461,58.3727,TP,25.0954,21.7034
2017-11-16,133.17033,132.54943,61.0903,TP,29.9413,17.6377
2017-11-18,132.45967,131.81073,63.8939,TP,24.7013,22.0139
2017-12-02,133.59567,132.84589,73.9773,TP,30.9402,20.2536
2017-12-05,133.607,132.9246,67.2401,TP,31.8087,20.0175
2017-12-06,133.26967,132.58823,67.1433,TP,29.5786,21.0751
2017-12-07,132.638,133.16599,-53.7988,SL,27.2677,26.5215
2017-12-11,133.643,133.05307,57.9929,TP,30.5585,22.9418
2017-12-13,133.36567,132.7881,56.7563,TP,28.2507,25.9446
2017-12-22,134.48467,134.97473,-50.0065,SL,35.1935,19.4405
2017-12-27,134.33167,134.73788,-41.6213,SL,32.0758,21.8174
2018-01-06,136.18967,135.65208,52.7591,TP,37.525,13.4966
2018-01-09,135.63033,135.10619,51.4147,TP,33.9014,21.4755
2018-01-15,135.514,136.00996,-50.5964,SL,29.7472,26.212
2018-01-17,135.512,136.04063,-53.8628,SL,25.0955,24.3401
2018-01-19,135.90767,135.21673,68.094,TP,24.5792,20.874
2018-01-24,135.655,135.00322,64.1783,TP,24.9425,19.5595
2018-01-27,135.22033,134.47823,73.2103,TP,22.7695,20.3062
2018-02-05,136.98933,136.30771,67.1622,TP,30.7352,19.4002
2018-03-21,130.822,130.03265,77.9353,TP,24.3524,19.6323
2018-03-28,131.07933,130.21946,84.9875,TP,30.5842,17.9124
2018-03-30,131.068,130.19444,86.3558,TP,25.958,15.203
2018-03-31,130.849,130.00709,83.1906,TP,25.01,14.6478
2018-04-02,130.914,130.16565,73.8354,TP,26.4668,14.2089
2018-04-03,130.44333,131.04367,-61.0339,SL,23.5659,19.0312
2018-04-06,131.25067,131.83963,-59.896,SL,23.9559,15.5319
2018-04-07,131.33433,131.90682,-58.2491,SL,23.9764,14.8373
2018-04-09,131.25933,131.76896,-51.9628,SL,23.2237,16.0001
2018-04-10,131.54933,132.06621,-52.6876,SL,26.7957,14.6489
2018-04-12,132.26733,132.79753,-54.0199,SL,27.9706,12.3136
2018-04-14,132.486,133.00116,-52.5161,SL,30.2567,12.955
2018-04-18,132.429,132.89848,-47.9485,SL,30.8105,10.6539
2018-04-20,132.68867,132.08215,59.6515,TP,30.0693,9.244
2018-04-21,132.40133,132.88116,-48.9825,SL,27.149,11.6079
2018-04-27,132.62233,132.03545,57.6881,TP,30.2588,15.0195
2018-04-30,132.25033,131.74404,49.629,TP,28.0833,19.403
2018-05-01,132.16933,131.65475,50.4587,TP,25.6569,21.7813
2018-05-23,130.798,130.24723,54.0774,TP,29.6017,22.3464
2018-06-08,129.64833,128.76758,87.075,TP,29.9144,23.1442
2018-06-13,129.84367,129.0176,81.6063,TP,31.318,25.2196
2018-07-11,130.23667,130.74862,-52.1955,SL,28.8,22.9967
2018-07-18,131.73733,131.15594,57.1392,TP,32.3577,17.6562
2018-07-20,131.03233,130.4324,58.9935,TP,27.0379,22.942
2018-07-21,130.78433,130.18403,59.0308,TP,25.0911,23.2607
2018-08-02,130.44733,129.85938,57.795,TP,27.6942,19.8688
2018-08-09,128.92467,128.36422,55.0448,TP,25.2572,24.2315
2018-08-29,129.98367,130.51523,-54.1563,SL,32.0212,23.731
2018-08-31,129.92467,129.15805,75.6622,TP,29.4306,19.8688
2018-09-01,129.09567,129.7073,-62.1637,SL,26.3486,24.7939
2018-09-07,128.86467,128.08888,76.5788,TP,23.4115,22.1271
2018-09-10,128.25267,128.78988,-54.7213,SL,22.5907,22.5128
2018-09-13,129.34767,129.92256,-58.4894,SL,28.1217,16.8436
2018-09-15,130.50567,131.12895,-63.3286,SL,32.1452,13.3957
2018-09-17,130.18833,130.73461,-55.6275,SL,31.6244,14.1306
2018-09-18,130.48967,131.04412,-56.4455,SL,35.6325,12.9277
2018-09-20,131.20267,131.7814,-58.8737,SL,34.6489,10.6791
2018-09-22,132.51467,131.70565,79.9016,TP,38.9588,8.5632
2018-09-27,132.582,131.84698,72.5025,TP,36.1225,8.9308
2018-09-28,132.064,131.30991,74.4088,TP,32.6944,13.7291
2018-10-02,132.04033,131.35885,67.1479,TP,32.0299,14.2959
2018-10-03,131.281,131.83017,-55.9171,SL,28.3905,21.9856
2018-10-04,131.453,130.72455,71.8448,TP,25.9707,20.0081
2018-10-06,131.00433,130.27317,72.1163,TP,22.31,20.3088
2018-10-08,131.03967,130.39766,63.2011,TP,23.2241,19.9428
2018-11-09,129.688,129.02208,65.5922,TP,24.8704,16.2033
2018-11-10,129.10267,128.42828,66.4387,TP,22.8041,21.122
2018-12-11,128.57933,129.00992,-44.0585,SL,23.7281,21.6482
2018-12-12,128.506,128.94623,-45.0229,SL,21.5505,20.5702
2018-12-18,128.172,127.64063,52.1375,TP,23.7096,21.2831
2019-02-14,125.128,124.60691,51.1086,TP,27.7718,21.7273
2019-02-15,125.00033,124.46739,52.294,TP,25.2145,22.0683
2019-02-21,125.66167,126.03832,-38.6657,SL,31.9539,19.6955
2019-02-22,125.57533,125.95234,-38.7003,SL,29.6442,19.1605
2019-02-23,125.50833,125.87901,-38.0674,SL,27.9968,18.0957
2019-02-27,125.96567,126.32223,-36.6559,SL,33.329,13.9861
2019-03-05,126.837,126.33732,48.9679,TP,33.9766,19.1525
2019-03-06,126.59167,126.0903,49.1362,TP,31.4437,18.8008
2019-03-07,126.32867,125.83978,47.8886,TP,29.9429,20.3897
2019-03-16,126.306,126.72609,-43.0089,SL,30.222,23.6694
2019-03-19,126.37067,126.7396,-37.8936,SL,33.7604,21.5786
2019-03-21,126.50567,126.02616,46.9503,TP,31.4753,19.2776
2019-03-22,126.10833,125.60341,49.4923,TP,27.7557,24.4016
2019-04-06,125.33067,124.83864,48.2022,TP,29.5211,22.9271
2019-04-10,125.298,124.85305,43.4951,TP,29.2161,18.8488
2019-04-16,126.612,126.18279,41.9212,TP,38.7317,16.1853
2019-04-17,126.40867,126.73945,-34.078,SL,35.898,19.4452
2019-04-18,126.553,126.12133,42.1668,TP,35.1185,17.9871
2019-04-19,126.00767,125.54775,44.992,TP,30.6069,24.9899
2019-04-20,125.79467,125.35681,42.7859,TP,29.8526,24.3741
2019-06-11,122.72867,123.08629,-36.7623,SL,25.362,23.8001
2019-06-12,122.89967,122.43182,45.7842,TP,26.9596,21.9616
2019-06-13,122.64533,122.17275,46.258,TP,24.7829,23.0081
2019-06-28,122.60667,122.97628,-37.961,SL,24.7235,21.1917
2019-07-02,122.53533,122.04628,47.905,TP,26.8962,23.1098
2019-07-11,122.08267,121.68295,38.9719,TP,26.613,24.6455
2019-07-31,121.12767,120.74244,37.5226,TP,25.3745,19.8457
2019-08-20,118.14267,117.52965,60.3019,TP,22.2231,22.1512
2019-09-07,117.97233,118.45805,-49.5721,SL,31.3822,23.186
2019-09-14,119.73733,119.06368,66.3654,TP,28.826,20.2645
2019-09-19,119.611,118.98266,61.8339,TP,24.3783,23.3196
2019-10-18,120.83333,121.28798,-46.4649,SL,39.7617,15.5162
2019-10-22,121.16933,120.65311,50.6227,TP,38.8572,16.6568
2019-10-23,120.86533,121.26947,-41.4133,SL,35.4535,19.4785
2019-10-25,120.804,121.23123,-43.7233,SL,32.8256,17.9737
2019-10-26,120.50633,120.9255,-42.9167,SL,31.0675,17.9176
2019-11-01,120.748,121.15083,-41.2831,SL,32.0197,19.2875
2019-11-06,120.95333,120.49606,44.7276,TP,32.4115,15.2489
2019-11-07,120.64967,120.19671,44.2953,TP,30.3836,17.5237
2019-11-09,120.485,119.99295,48.205,TP,24.1165,17.9939
2019-11-11,120.367,119.93597,42.1027,TP,24.5828,17.7117
2019-11-13,120.20267,119.7654,42.7269,TP,24.2385,18.477
2019-11-18,120.16367,120.48191,-32.8239,SL,24.5003,23.3846
2019-11-19,120.384,119.96493,40.9065,TP,29.2999,21.4368
2019-11-20,120.22067,120.5448,-33.4132,SL,27.0581,22.0951
2019-11-22,120.22167,119.78326,42.8405,TP,24.9299,20.4038
2019-11-23,119.94433,120.29878,-36.4447,SL,22.0251,21.948
2019-11-30,120.58633,120.8828,-30.6465,SL,30.5735,15.6199
2019-12-03,120.76367,120.41145,34.2214,TP,34.4508,13.6847
2019-12-04,120.54,120.1664,36.3596,TP,30.1592,16.7993
2019-12-07,120.274,120.5894,-32.5404,SL,23.15,22.9723
2019-12-14,121.88967,122.2864,-40.673,SL,40.0439,10.8713
2019-12-18,122.17233,121.70703,45.53,TP,44.6605,8.9588
2019-12-19,121.87333,121.41377,44.9559,TP,41.9885,11.3931
2019-12-20,121.71367,121.24611,45.7553,TP,38.3227,14.4995
2019-12-21,121.36333,121.72215,-36.8817,SL,35.6686,16.7003
2019-12-31,122.11167,121.71892,38.2752,TP,36.104,19.5176
2020-01-01,121.88167,121.49305,37.8618,TP,33.8818,20.7749
2020-01-15,122.395,122.75802,-37.3017,SL,33.896,19.7862
2020-01-18,122.35667,121.88091,46.5758,TP,28.8104,21.0698
2020-01-22,121.974,121.55121,41.2791,TP,26.8185,22.5315
2020-01-23,121.79533,121.37655,40.8787,TP,25.141,22.7053
2020-02-06,120.87,120.43263,42.737,TP,22.8385,21.9106
2020-02-25,120.40933,119.8394,55.9933,TP,26.7665,25.6386
2020-03-04,120.023,119.21768,79.532,TP,26.4283,25.6972
2020-05-22,118.03767,117.38158,64.6087,TP,37.3647,18.6402
2020-05-23,117.43633,117.95407,-52.7734,SL,33.8212,23.9417
2020-06-02,119.68667,120.14219,-46.5526,SL,41.1105,13.5046
2020-06-06,123.897,123.08429,80.2707,TP,53.3433,7.3159
2020-06-09,122.943,122.14953,78.3471,TP,46.7497,18.2627
2020-06-11,121.85167,121.04056,80.1111,TP,39.433,22.0644
2020-06-12,120.96167,121.61423,-66.2565,SL,35.0097,28.3088
2020-06-13,120.978,121.6621,-69.4103,SL,31.0103,26.3613
2020-06-17,121.18967,120.30767,87.2001,TP,31.6245,21.884
2020-06-18,120.51033,119.62074,87.9591,TP,29.115,22.5149
2020-06-19,120.01767,120.70064,-69.2972,SL,27.088,25.0324
2020-06-20,119.66667,120.3428,-68.6138,SL,25.4074,25.0693
2020-06-22,119.412,120.0052,-60.3197,SL,25.8302,24.6382
2020-06-24,120.46633,121.09616,-63.9824,SL,32.9416,20.0087
2020-06-26,120.32467,120.92509,-61.0419,SL,29.7947,18.0973
2020-07-02,120.84933,121.41319,-57.3858,SL,28.5136,18.4184
2020-07-03,120.99567,121.55385,-56.8183,SL,26.7461,17.2767
2020-07-07,121.471,121.95976,-49.8765,SL,34.4559,15.8156
2020-07-08,121.39367,121.87422,-49.0553,SL,32.5415,14.9369
2020-07-10,121.30533,120.65286,64.2471,TP,28.3639,14.6526
2020-07-16,122.122,122.60551,-49.3511,SL,34.1184,14.2765
2020-07-19,122.299,122.74564,-45.6644,SL,30.3203,12.432
2020-07-24,123.94533,123.332,60.3336,TP,38.1168,8.125
2020-07-27,123.505,123.94427,-44.9272,SL,32.7782,19.2265
2020-07-29,123.39,123.85014,-47.0138,SL,29.4431,18.0863
2020-08-08,124.89067,125.40416,-52.3489,SL,26.4237,13.5259
2020-08-10,124.71833,125.17714,-46.8803,SL,25.4994,15.8753
2020-08-11,124.508,124.95868,-46.0681,SL,24.1047,17.714
2020-08-18,126.00167,125.40685,58.4814,TP,28.7346,17.6794
2020-08-20,125.693,125.09051,59.2491,TP,24.4605,18.3156
2020-08-25,125.01333,125.44936,-44.6032,SL,24.3735,21.822
2020-08-27,125.58533,126.05576,-48.0427,SL,27.419,17.4402
2020-08-29,125.77833,126.30748,-53.9144,SL,27.4627,14.5009
2020-09-02,126.48767,125.79519,68.2477,TP,34.9613,10.7095
2020-09-03,125.89233,125.19992,68.2414,TP,32.467,15.4089
2020-09-04,125.64433,124.95334,68.0991,TP,30.21,16.8682
2020-09-08,125.69667,125.10879,57.788,TP,27.6623,16.786
2020-09-11,125.76067,125.07518,67.5487,TP,26.7583,20.4544
2020-09-12,125.78267,125.10454,66.8124,TP,25.1168,19.1996
2020-09-15,125.55167,124.95662,58.5046,TP,22.9176,22.3529
2020-10-07,124.191,124.65288,-47.188,SL,26.8872,19.6015
2020-10-12,124.872,124.33579,52.6215,TP,25.778,15.153
2020-10-13,124.524,123.9891,52.4899,TP,23.9956,20.3149
2020-10-22,124.27,123.71766,54.2338,TP,27.9586,21.1537
2020-11-12,124.25433,123.60224,64.2097,TP,33.2445,15.3101
2020-11-13,124.07967,123.42104,64.8624,TP,30.564,16.3949
2020-11-14,123.92067,124.42311,-51.2446,SL,28.6174,15.5796
2020-11-17,124.01067,123.42031,58.0358,TP,32.1804,13.8013
2020-11-18,123.709,123.1276,57.1405,TP,30.3419,14.265
2020-11-19,123.22033,123.66487,-45.4539,SL,28.3455,19.0626
2020-11-21,123.19367,123.62252,-43.8855,SL,27.2117,18.7808
2020-11-27,124.21867,124.60769,-39.9025,SL,34.4102,16.2539
2020-12-01,124.647,125.01408,-37.7083,SL,35.8411,12.9374
2020-12-04,126.26233,126.68724,-43.4903,SL,40.9196,8.9489
2020-12-05,126.344,125.78935,54.4648,TP,38.169,8.2756
2020-12-08,126.12467,126.50747,-39.2805,SL,34.0607,11.9778
2020-12-10,126.087,126.47215,-39.5154,SL,32.5648,11.2895
2020-12-12,126.09,126.49663,-41.6629,SL,29.165,11.1384
2020-12-16,126.166,126.54187,-38.5867,SL,31.0473,8.9588
2020-12-19,126.66067,126.1613,48.9362,TP,32.846,9.5664
2020-12-21,126.40433,125.9527,44.1633,TP,31.3143,13.7834
2020-12-23,126.26733,126.63287,-37.5538,SL,26.2498,15.7662
2020-12-25,126.264,126.6208,-36.6801,SL,24.8836,14.6559
2020-12-26,126.184,126.53462,-36.0615,SL,23.5138,14.9757
2020-12-30,126.95133,126.50739,43.3943,TP,32.44,11.4313
2021-01-01,126.393,126.76366,-38.0659,SL,25.7703,17.7943
2021-01-05,126.41933,126.74872,-33.9383,SL,31.3697,14.8873
2021-01-11,127.10233,126.62608,46.6257,TP,36.7523,12.1368
2021-01-12,126.732,126.25895,46.3049,TP,34.3586,14.9051
2021-01-13,126.68767,126.22722,45.045,TP,32.7774,14.4592
2021-01-14,126.39167,125.9331,44.8565,TP,30.5613,18.0741
2021-01-15,126.20667,125.74192,45.4746,TP,28.0009,20.6019
2021-01-18,125.42,125.74568,-33.5684,SL,25.8372,25.0427
2021-01-21,125.63667,126.00312,-37.645,SL,28.3438,21.2789
2021-01-24,126.275,125.83142,43.3576,TP,30.2368,18.2972
2021-01-25,126.298,125.88136,40.6637,TP,30.9533,18.0889
2021-01-26,126.05733,125.63399,41.3342,TP,28.2871,23.6243
2021-01-31,127.054,126.61214,43.1862,TP,34.0351,17.9982
2021-02-01,126.99267,126.56813,41.4535,TP,32.8939,19.6301
2021-02-02,126.71,126.28166,41.8337,TP,30.2733,23.9692
2021-02-03,126.503,126.8367,-34.3705,SL,27.7558,25.7518
2021-02-09,126.93833,126.49973,42.8608,TP,30.9608,22.6106
2021-02-11,126.837,127.17501,-34.8006,SL,30.0346,23.9795
2021-02-13,127.14267,127.47177,-33.9101,SL,29.9708,21.2357
2021-02-20,127.85433,128.19194,-34.7609,SL,38.1624,15.3901
2021-02-23,127.82533,128.14699,-33.1655,SL,39.7706,12.9334
2021-02-27,128.60633,128.95156,-35.5231,SL,44.869,10.3902
2021-03-04,129.059,129.43903,-39.0028,SL,41.156,7.0174
2021-03-05,129.246,129.63518,-39.9183,SL,39.6427,6.3629
2021-03-06,129.156,129.55393,-40.7934,SL,36.0016,6.6203
2021-03-16,130.20633,129.74175,45.4586,TP,37.7015,8.5154
2021-03-19,129.88433,129.39385,48.0486,TP,33.1599,14.129
2021-03-21,129.63467,129.13501,48.9652,TP,30.2265,15.0776
2021-03-24,128.94833,128.36732,57.1012,TP,24.4792,21.7147
2021-03-25,128.55333,128.99674,-45.3409,SL,22.9113,21.9927
2021-03-26,128.629,129.06879,-44.9787,SL,22.4164,20.59
2021-04-03,130.14033,130.58485,-45.4517,SL,28.5068,14.0633
2021-04-26,130.46833,130.82727,-36.8937,SL,21.5255,19.2302
2021-05-01,131.65067,132.04097,-40.0299,SL,31.4385,15.3432
2021-05-03,131.44833,131.79122,-35.2883,SL,32.7082,15.0591
2021-05-04,131.71567,131.25476,45.0904,TP,38.4976,13.5236
2021-05-05,131.378,131.73212,-36.4117,SL,35.7906,16.7662
2021-05-06,131.19533,131.54806,-36.2723,SL,33.3655,17.8841
2021-05-11,132.21167,131.77609,42.558,TP,39.2415,12.9973
2021-05-12,132.094,132.43963,-35.5629,SL,35.3245,14.2749
2021-05-14,132.34167,132.71191,-38.0241,SL,32.0798,13.0828
2021-05-20,133.017,132.55212,45.4879,TP,28.9956,12.4223
2022-01-01,132.96033,132.50324,44.7089,TP,27.3834,11.7316
2023-01-02,140.106,138.9404,115.5595,TP,57.4301,15.7273
2023-01-03,139.67967,138.53259,113.7078,TP,54.1888,19.2709
2023-01-04,138.52533,139.46252,-94.7192,SL,47.3746,26.5682
2023-01-06,140.52867,141.54069,-102.2024,SL,45.4577,21.2144
2023-01-07,140.769,141.76779,-100.8787,SL,43.2107,19.9601
2023-01-09,140.542,141.4283,-89.6299,SL,41.987,21.1155
2023-01-12,142.228,141.08371,113.4288,TP,44.5839,17.023
2023-01-13,140.80533,139.60446,119.0873,TP,39.4486,24.9783
2023-01-14,138.94633,139.922,-98.5667,SL,34.6816,32.2042
2023-01-18,138.72867,139.5911,-87.2435,SL,35.415,27.0863
2023-01-19,139.59933,138.33927,125.0067,TP,39.928,22.379
2023-01-23,140.653,141.54383,-90.083,SL,42.6551,19.9188
2023-01-26,141.401,140.22626,116.4735,TP,40.0766,18.483
2023-01-28,141.168,140.04305,111.4951,TP,36.0851,16.9542
2023-02-03,140.80667,141.60534,-80.8672,SL,30.527,18.4467
2023-02-07,142.35967,141.3332,101.6466,TP,32.4362,13.8723
2023-02-08,141.07733,139.99191,107.5422,TP,28.4834,22.3741
2023-02-11,140.42033,141.2608,-85.047,SL,24.3512,23.0015
2023-02-17,143.09333,143.86888,-78.5546,SL,34.1006,15.9795
2023-02-23,143.32,142.47349,83.6515,TP,30.8485,16.4073
2023-02-24,142.84633,143.50874,-67.2404,SL,28.1591,19.6266
2023-03-01,144.51533,145.18305,-67.7712,SL,32.8018,14.591
2023-03-03,145.049,144.16277,87.6233,TP,29.2423,12.3226
2023-03-04,144.58867,145.25949,-68.0823,SL,27.5946,14.6096
2023-03-08,144.95667,144.15982,78.6848,TP,30.0214,11.8871
2023-03-11,144.02067,143.14182,86.8845,TP,24.1165,14.6251
2023-04-01,144.48367,143.03978,143.3882,TP,28.6713,21.1495
2023-04-03,144.18,145.17053,-100.0527,SL,31.0368,20.4481
2023-04-05,144.42533,143.13638,127.8957,TP,30.9295,17.6139
2023-04-06,143.26367,144.27465,-102.0984,SL,28.1669,22.3612
2023-04-14,146.45833,147.27143,-82.3097,SL,35.6324,15.6829
2023-04-18,146.99767,147.69087,-70.3206,SL,34.6305,14.7077
2023-04-21,147.23567,147.90202,-67.6352,SL,32.1681,13.2558
2023-04-24,147.29467,147.8875,-60.2829,SL,28.9498,16.7847
2023-04-26,147.23167,147.92266,-70.0989,SL,28.5314,18.4514
2023-04-28,147.54867,148.25447,-71.5802,SL,24.616,15.5757
2023-05-03,150.579,149.58732,98.1678,TP,37.5531,9.949
2023-05-04,149.38433,148.36137,101.2959,TP,33.8045,15.3481
2023-05-05,148.06767,148.9023,-84.4635,SL,29.5943,23.6267
2023-05-09,148.75367,147.8085,93.5166,TP,29.9247,20.1649
2023-05-20,149.16567,149.82029,-66.4627,SL,30.9033,19.1284
2023-05-24,149.47433,150.07362,-60.929,SL,33.2666,15.5345
2023-05-30,150.51067,149.76434,73.6327,TP,31.0951,16.1685
2023-05-31,150.12267,149.37154,74.1128,TP,28.6895,18.033
2023-06-01,149.155,149.76702,-62.202,SL,25.1503,25.13
2023-06-10,149.968,150.52804,-57.0035,SL,22.7596,20.6944
2023-06-21,154.585,155.19194,-61.6942,SL,39.5284,17.5258
2023-06-29,157.60833,156.76016,83.8171,TP,36.8841,17.1649
2023-06-30,157.49033,156.65634,82.3997,TP,34.8316,16.3812
2023-07-05,157.34133,156.60793,72.3407,TP,31.0149,18.8414
2023-07-06,157.1,156.35489,73.5111,TP,28.3472,20.2566
2023-07-11,155.83467,155.07335,75.1316,TP,26.0988,22.4733
2023-07-17,155.73,154.93256,78.7437,TP,28.0629,27.0111
2023-07-20,156.521,155.64634,86.4663,TP,27.5076,24.5367
2023-07-21,155.99433,156.66714,-68.2809,SL,25.5431,24.8206
2023-08-12,158.79133,157.77017,101.1161,TP,28.8204,20.6243
2023-08-14,158.58633,159.27593,-69.96,SL,28.3063,21.5615
2023-08-16,158.87767,158.01435,85.3313,TP,29.1846,21.5009
2023-08-18,158.66233,157.81249,83.9845,TP,25.563,21.7239
2023-08-23,158.55333,157.71705,82.6288,TP,27.4484,19.9779
2023-09-01,158.36133,157.50905,84.2284,TP,25.8153,22.1841
2023-09-06,158.146,157.39957,73.6431,TP,27.9539,22.5499
2023-09-08,157.82767,157.06622,75.1447,TP,23.6278,22.7942
2023-10-19,158.016,158.63521,-62.9206,SL,24.5314,23.5619
2023-10-25,159.07067,158.28952,77.1143,TP,27.2472,16.5982
2023-10-26,158.64367,157.88367,74.9992,TP,26.0051,16.9363
2023-10-28,158.26733,158.86319,-60.5859,SL,21.9995,18.4585
2023-10-31,158.288,158.84134,-56.3335,SL,25.6544,17.6431
2023-11-02,159.536,160.18839,-66.2392,SL,32.4755,12.9028
2023-11-10,161.51533,162.06668,-56.135,SL,35.1371,8.439
2023-11-17,163.702,162.97026,72.1741,TP,39.5053,5.9838
2023-11-21,162.57667,161.81011,75.6558,TP,28.0369,24.4676
2023-11-28,162.941,162.19945,73.1549,TP,28.3296,25.0638
2023-12-28,157.519,156.50309,100.5913,TP,27.4204,26.4174
2024-01-06,158.42833,157.4195,99.8834,TP,33.0126,19.6963
2024-01-09,158.027,158.70602,-68.9023,SL,31.7599,21.0787
2024-01-12,159.53567,158.58421,94.1454,TP,37.5261,18.4852
2024-01-13,158.932,159.66296,-74.096,SL,34.8899,20.8462
2024-01-22,161.37767,160.60974,75.7926,TP,41.4326,15.0173
2024-01-24,161.02367,160.23118,78.2484,TP,34.618,18.9907
2024-01-26,160.292,159.4665,81.5498,TP,28.6554,21.1196
2024-02-10,160.99367,161.60835,-62.4681,SL,26.0452,24.6531
2024-02-23,163.00133,163.46751,-47.6172,SL,34.0042,18.4887
2024-02-24,162.90467,163.36364,-46.8974,SL,32.0705,17.4373
2024-03-01,162.37467,162.85585,-49.1179,SL,26.349,24.2908
2024-03-06,162.95233,162.35267,58.9667,TP,26.081,19.5022
2024-03-19,162.27267,162.79175,-52.9082,SL,22.338,20.6831
2024-03-22,164.79333,163.99102,79.231,TP,34.352,13.9283
2024-03-23,163.978,163.14622,82.1777,TP,30.7682,19.2271
2024-03-27,164.12833,163.40787,71.0468,TP,32.8457,19.078
2024-03-28,163.79567,163.06283,72.2836,TP,29.9849,22.0551
2024-03-29,163.46333,162.73494,71.8396,TP,28.0128,23.3353
2024-04-02,162.97767,163.4607,-49.3034,SL,26.0998,25.8416
2024-04-05,164.216,163.51986,68.6136,TP,32.9212,19.7665
2024-04-08,164.27667,164.75622,-48.9558,SL,29.4327,21.555
2024-04-10,164.839,164.21451,61.4492,TP,33.1643,18.554
2024-04-11,164.38533,163.73375,64.1581,TP,29.5151,23.0366
2024-04-19,164.616,163.89451,71.149,TP,27.5687,24.071
2024-05-16,168.42367,167.40578,100.7884,TP,29.5016,23.3441
2024-05-24,169.77867,170.43477,-66.6101,SL,29.2397,17.862
2024-05-27,170.176,170.74845,-58.2448,SL,28.1575,17.6751
2024-05-30,170.38433,169.68404,69.029,TP,28.214,16.7837
2024-06-03,170.598,169.92285,66.5149,TP,25.8332,22.6404
2024-06-26,171.039,171.65962,-63.0617,SL,23.6379,15.0052
2024-07-08,173.92467,174.43753,-52.2868,SL,31.5186,14.3328
2024-10-02,159.43233,160.56977,-114.7434,SL,23.2791,18.7231
2024-10-07,163.25267,164.34844,-110.5777,SL,27.256,13.4171
2024-10-08,162.605,163.68261,-108.7607,SL,25.7358,16.97
2024-10-11,162.79067,163.81541,-103.4746,SL,24.4821,15.8525
2024-10-16,162.61333,163.4682,-86.4871,SL,22.1989,18.2147
2024-10-17,162.46233,163.29529,-84.2959,SL,21.1556,18.1689
2024-10-19,162.502,163.29673,-80.4729,SL,19.7102,17.9328
2024-10-23,163.207,163.91098,-71.3979,SL,23.5895,16.2147
2024-11-01,165.68133,164.73364,93.7695,TP,29.0643,11.9394
2024-11-04,165.669,164.84172,81.7281,TP,26.6577,12.6714
2024-11-06,165.671,164.87711,78.3886,TP,25.3933,13.7499
2024-11-08,165.43733,164.61958,80.7751,TP,21.2563,15.0674
2024-11-12,163.97467,164.60496,-64.0298,SL,24.0241,22.6313
2024-11-14,164.20867,164.86058,-66.1917,SL,23.6555,21.2311
2024-11-21,163.88633,162.81942,105.6915,TP,22.2455,20.6619
2024-12-25,163.27667,164.08736,-82.0698,SL,25.6825,17.6544
2024-12-26,163.39767,164.17686,-78.9191,SL,25.1076,17.0563
2024-12-31,163.70067,162.73072,95.9951,TP,23.8795,23.8482
2025-01-08,163.79,162.82261,95.7394,TP,27.2957,24.3975
2025-01-09,163.26233,162.30125,95.1084,TP,25.5124,25.306
2025-01-24,162.64633,163.43911,-80.278,SL,26.7551,21.0001
2025-01-27,163.19667,162.20053,98.614,TP,27.5305,22.3614
2025-03-04,156.97733,155.79401,117.3323,TP,24.6605,21.3367
2025-03-07,160.06567,161.16616,-111.0496,SL,28.0353,14.13
2025-03-11,159.55333,160.52125,-97.792,SL,23.6982,19.2687
2025-03-13,161.659,160.3292,131.9796,TP,28.6158,15.7211
2025-03-14,160.71467,161.73752,-103.2854,SL,26.5736,20.2255
2025-03-17,161.726,162.64242,-92.6415,SL,28.9277,18.0745
2025-03-19,163.55067,162.34827,119.2397,TP,36.4001,15.4413
2025-03-20,162.62367,161.38431,122.9361,TP,32.792,19.1134
2025-03-21,161.359,162.30941,-96.0408,SL,30.5441,24.4109
2025-03-26,162.13567,162.99342,-86.7757,SL,31.5275,20.5496
2025-03-27,161.866,162.72439,-86.8388,SL,29.2539,20.5123
2025-03-29,162.49033,161.34658,113.3751,TP,28.5731,17.256
2025-04-03,161.84133,162.81512,-98.3786,SL,27.4546,17.0919
2025-04-04,161.74,160.40662,132.3384,TP,24.2037,15.068
2025-05-03,163.96333,162.86689,108.6443,TP,23.9664,18.4167
2025-05-15,164.28433,163.33623,93.8101,TP,25.7901,19.3837
2025-05-22,162.93433,162.08831,83.602,TP,22.9863,21.4773
2025-05-30,163.71567,162.84679,85.8872,TP,26.5744,18.4464
2025-06-02,163.26667,163.86276,-60.6095,SL,23.8565,23.1929
2025-06-05,163.37933,163.99859,-62.9257,SL,24.8146,19.8382
2025-06-13,166.11633,165.31092,79.541,TP,30.2414,13.9977
2025-06-18,167.078,166.26002,80.7977,TP,26.1267,16.6014
2025-06-19,166.574,167.19507,-63.1069,SL,24.5786,18.6608
2025-06-23,168.16933,168.75921,-59.9873,SL,27.0674,19.1795
2025-06-25,168.481,169.13401,-66.3015,SL,30.3533,15.8725
2025-07-03,169.38633,170.01115,-63.4817,SL,21.6329,16.258
2025-07-05,170.09133,170.7176,-63.6263,SL,24.7112,13.986
2025-07-10,171.67967,170.89185,77.7816,TP,34.0272,9.9781
2025-07-11,171.29433,171.89921,-61.4876,SL,31.656,12.0189
2025-07-17,172.42833,173.03918,-62.0843,SL,29.6791,15.4108
2025-08-08,171.622,172.35376,-74.1764,SL,20.7943,20.4361
2025-08-14,172.51833,171.71018,79.8154,TP,22.8509,18.2138
2025-09-03,172.852,173.33941,-49.7406,SL,29.8487,18.2716
2025-09-04,172.786,173.27809,-50.2092,SL,27.4528,16.805
2025-09-06,172.81433,173.31278,-50.845,SL,23.9408,14.8175
2025-09-09,173.47133,172.82656,63.4774,TP,30.7346,11.9228
2025-09-10,172.699,173.22725,-53.8253,SL,26.7957,19.2542
2025-09-11,172.56067,173.08024,-52.957,SL,25.2975,18.1776
2025-09-15,173.186,173.65153,-47.5532,SL,25.8107,16.9413
2025-09-20,173.90333,174.40237,-50.9033,SL,26.1976,13.2831
2025-09-21,173.743,174.20639,-47.3388,SL,26.1976,13.2831
2025-09-29,174.90233,174.42934,46.2993,TP,31.0645,11.0275
2025-09-30,174.413,173.91308,48.9918,TP,27.292,20.4931
2025-10-10,177.22533,176.44525,77.0088,TP,41.6622,15.1973
2025-10-11,176.14467,176.77697,-64.2306,SL,36.714,22.3199
2025-10-14,176.38,175.60625,76.3753,TP,40.9788,18.9848
2025-10-16,175.85767,175.0675,78.0168,TP,34.5997,20.2307
2025-10-17,175.85367,175.05442,78.9248,TP,32.9995,18.5722
2025-10-21,175.741,176.3327,-60.1698,SL,32.7406,18.6569
2025-10-28,177.92033,177.22823,68.2105,TP,37.6615,12.3429
2025-10-29,177.21733,177.76424,-55.6911,SL,34.0428,18.1233
2025-11-01,177.886,177.06934,80.6661,TP,32.798,14.2113
2025-11-05,176.70433,175.92523,76.9104,TP,27.1206,22.7789
2025-11-07,176.70967,177.34008,-64.041,SL,22.8259,21.5296
2025-11-09,177.416,178.0105,-60.45,SL,23.9239,19.6851
2025-11-10,177.57133,178.13987,-57.8536,SL,26.0702,19.1138
2025-11-17,179.566,180.07797,-52.1973,SL,33.3799,14.7399
2025-11-22,180.47867,181.0992,-63.0537,SL,35.2481,17.9921
2025-11-25,180.76533,181.3265,-57.1169,SL,42.1901,15.9295
2025-12-01,180.958,180.29601,65.199,TP,34.236,16.5832
2025-12-02,180.56033,181.07608,-52.575,SL,31.3883,22.1257
2025-12-04,181.07133,180.39659,66.4741,TP,31.1223,18.9572
2025-12-05,180.77,181.29661,-53.6608,SL,28.4835,21.1572
2025-12-11,182.28967,182.80506,-52.5396,SL,34.2082,18.4194
2025-12-16,182.352,181.72879,61.3206,TP,29.8217,24.8088
2025-12-17,182.00833,182.49143,-49.3097,SL,27.479,24.1433
2025-12-19,182.59167,183.1175,-53.583,SL,28.1404,19.1257
2025-12-23,184.566,183.86804,68.7964,TP,34.0612,16.7799
2025-12-25,183.682,184.24352,-57.1521,SL,28.0811,21.7753
2025-12-30,183.85267,184.34863,-50.5966,SL,26.8745,24.8297
2025-12-31,183.74,184.23424,-50.424,SL,25.0421,23.6728
2026-01-15,184.76367,184.11197,64.1698,TP,29.8657,16.1863
2026-01-16,184.19933,183.54401,64.5328,TP,27.5788,18.7556
2026-01-17,183.55967,182.88907,66.0594,TP,25.0259,23.3877
2026-01-22,185.10733,185.65498,-55.7643,SL,34.5705,19.5505
2026-01-24,184.925,184.0183,89.6698,TP,28.6908,20.5701
2026-02-06,184.90767,185.6131,-71.5435,SL,25.2102,18.5831
2026-02-27,184.12033,183.2025,90.7838,TP,27.4654,19.6777
2026-03-03,184.11733,183.28422,82.3115,TP,25.4375,22.2459
