entry_leg1_pct,entry_leg2_pct,entry_leg3_pct,tp_pct_of_unit,sl_pct_of_unit,days_traded,filled_legs,closed_legs,wins,losses,time_exits,win_rate_excl_time_exit,total_pips,cal_ppd
0.15,0.3,0.9,1.0,0.3,6034,10566,10566,1426,6540,2600,0.179011,3223.0317,0.5336
0.15,0.3,0.6,1.0,0.3,6034,11589,11589,1533,7125,2931,0.177062,2765.865,0.4579
0.15,0.3,0.75,1.0,0.3,6034,11028,11028,1480,6802,2746,0.178701,2740.2967,0.4537
0.15,0.3,0.9,1.0,0.5,6034,10566,10566,1776,4803,3987,0.26995,1995.4717,0.3304
0.15,0.3,0.6,1.0,0.2,6034,11589,11589,1248,8345,1996,0.130095,1751.765,0.29
0.15,0.3,0.9,1.0,0.4,6034,10566,10566,1615,5626,3325,0.223035,1750.0917,0.2898
0.15,0.3,0.9,1.0,0.2,6034,10566,10566,1153,7633,1780,0.131232,1268.935,0.2101
0.15,0.3,0.75,1.0,0.4,6034,11028,11028,1682,5840,3506,0.223611,1039.0933,0.172
0.15,0.3,0.75,1.0,0.5,6034,11028,11028,1843,4991,4194,0.269681,667.035,0.1104
0.15,0.3,0.6,1.0,0.5,6034,11589,11589,1905,5208,4476,0.267819,624.015,0.1033
0.15,0.3,0.45,1.0,0.3,6034,12237,12237,1588,7574,3075,0.173325,617.5117,0.1022
0.15,0.3,0.6,1.0,0.4,6034,11589,11589,1734,6134,3721,0.220386,49.0783,0.0081
0.15,0.3,0.75,1.0,0.2,6034,11028,11028,1193,7965,1870,0.130269,-24.3767,-0.004
0.15,0.3,0.45,1.0,0.2,6034,12237,12237,1285,8878,2074,0.126439,-833.7183,-0.138
0.15,0.3,0.9,0.8,0.3,6034,10566,10566,1943,6411,2212,0.232583,-851.7533,-0.141
0.15,0.3,0.9,0.8,0.2,6034,10566,10566,1594,7505,1467,0.175184,-1087.2417,-0.18
0.15,0.3,0.45,1.0,0.4,6034,12237,12237,1806,6483,3948,0.217879,-1274.12,-0.2109
0.15,0.6,0.9,1.0,0.2,6034,9076,9076,945,6506,1625,0.126829,-1458.1617,-0.2414
0.15,0.3,0.6,0.8,0.2,6034,11589,11589,1715,8223,1651,0.17257,-1573.6417,-0.2605
0.15,0.3,0.6,0.8,0.3,6034,11589,11589,2090,6998,2501,0.229974,-1932.88,-0.32
0.15,0.3,0.75,0.8,0.3,6034,11028,11028,1997,6688,2343,0.229937,-2265.2017,-0.375
0.15,0.6,0.9,0.8,0.2,6034,9076,9076,1323,6388,1365,0.171573,-2352.425,-0.3895
0.15,0.3,0.9,1.0,0.65,6034,10566,10566,1945,3842,4779,0.336098,-2435.2733,-0.4032
0.15,0.6,0.9,1.0,0.3,6034,9076,9076,1180,5570,2326,0.174815,-2558.0317,-0.4235
0.15,0.75,0.9,1.0,0.3,6034,8515,8515,1127,5247,2141,0.176812,-2583.6,-0.4277
0.15,0.3,0.9,0.8,0.5,6034,10566,10566,2401,4674,3491,0.339364,-2590.6567,-0.4289
0.15,0.6,0.75,1.0,0.2,6034,9538,9538,985,6838,1715,0.125911,-2751.4733,-0.4555
0.15,0.3,0.9,0.8,0.4,6034,10566,10566,2190,5504,2872,0.284637,-2950.4517,-0.4885
0.15,0.3,0.45,1.0,0.5,6034,12237,12237,1979,5534,4724,0.26341,-2968.64,-0.4915
0.15,0.6,0.75,1.0,0.3,6034,9538,9538,1234,5832,2472,0.174639,-3040.7667,-0.5034
0.15,0.3,0.45,0.8,0.3,6034,12237,12237,2194,7435,2608,0.227853,-3216.6567,-0.5326
0.15,0.75,0.9,1.0,0.2,6034,8515,8515,890,6126,1499,0.126853,-3234.3033,-0.5355
0.15,0.3,0.45,0.8,0.2,6034,12237,12237,1792,8748,1697,0.170019,-3479.4617,-0.5761
0.15,0.3,0.75,0.8,0.2,6034,11028,11028,1628,7855,1545,0.171676,-3511.02,-0.5813
0.15,0.45,0.6,1.0,0.2,6034,10747,10747,1077,7751,1919,0.121998,-3560.815,-0.5895
0.3,0.6,0.9,1.0,0.2,6034,8813,8813,881,6343,1589,0.121955,-3914.8133,-0.6481
0.15,0.45,0.9,1.0,0.2,6034,9724,9724,982,7039,1703,0.122429,-4043.645,-0.6695
0.15,0.6,0.9,0.8,0.3,6034,9076,9076,1625,5446,2005,0.229812,-4200.0167,-0.6954
0.15,0.45,0.9,0.8,0.2,6034,9724,9724,1400,6913,1411,0.168411,-4258.245,-0.705
0.15,0.75,0.9,0.8,0.2,6034,8515,8515,1236,6020,1259,0.170342,-4289.8033,-0.7102
0.15,0.75,0.9,0.8,0.3,6034,8515,8515,1532,5136,1847,0.229754,-4532.3383,-0.7504
0.15,0.3,0.75,0.8,0.4,6034,11028,11028,2259,5731,3038,0.282728,-4606.3517,-0.7626
0.15,0.3,0.9,0.65,0.3,6034,10566,10566,2529,6240,1797,0.288402,-4656.91,-0.771
0.15,0.6,0.9,0.5,0.2,6034,9076,9076,2302,5941,833,0.279267,-4660.5767,-0.7716
0.15,0.45,0.9,1.0,0.3,6034,9724,9724,1235,6019,2470,0.170251,-4706.385,-0.7792
0.15,0.45,0.6,0.8,0.2,6034,10747,10747,1521,7631,1595,0.166193,-4744.645,-0.7855
0.15,0.6,0.75,0.8,0.2,6034,9538,9538,1357,6738,1443,0.167634,-4776.2033,-0.7908
0.15,0.3,0.75,0.65,0.3,6034,11028,11028,2611,6504,1913,0.286451,-4859.1083,-0.8045
0.15,0.3,0.9,0.65,0.2,6034,10566,10566,2066,7340,1160,0.219647,-4889.6133,-0.8095
0.15,0.3,0.6,0.8,0.5,6034,11589,11589,2581,5084,3924,0.336725,-4932.78,-0.8167
0.15,0.3,0.6,0.8,0.4,6034,11589,11589,2362,6008,3219,0.282198,-5014.1283,-0.8302
0.15,0.3,0.75,1.0,0.65,6034,11028,11028,2011,3989,5028,0.335167,-5064.7,-0.8385
0.15,0.3,0.75,0.8,0.5,6034,11028,11028,2467,4880,3681,0.335783,-5079.57,-0.841
0.15,0.45,0.6,1.0,0.3,6034,10747,10747,1342,6604,2801,0.16889,-5163.5517,-0.8549
0.15,0.45,0.75,1.0,0.3,6034,10186,10186,1289,6281,2616,0.170277,-5189.12,-0.8591
0.3,0.6,0.75,1.0,0.2,6034,9275,9275,921,6675,1679,0.121248,-5208.125,-0.8623
0.15,0.45,0.75,1.0,0.2,6034,10186,10186,1022,7371,1793,0.121768,-5336.9567,-0.8836
0.3,0.6,0.9,0.8,0.2,6034,8813,8813,1218,6240,1355,0.163315,-5353.5167,-0.8863
0.15,0.6,0.9,0.65,0.2,6034,9076,9076,1707,6257,1112,0.21434,-5421.1017,-0.8975
0.15,0.3,0.45,0.8,0.4,6034,12237,12237,2487,6352,3398,0.281367,-5455.9617,-0.9033
0.15,0.45,0.9,0.8,0.3,6034,9724,9724,1729,5883,2112,0.227141,-5483.7933,-0.9079
0.15,0.75,0.9,1.0,0.5,6034,8515,8515,1415,3908,3192,0.265828,-5540.6583,-0.9173
0.15,0.6,0.9,1.0,0.5,6034,9076,9076,1477,4125,3474,0.263656,-5583.6783,-0.9245
0.15,0.6,0.75,0.8,0.3,6034,9538,9538,1679,5723,2136,0.226831,-5613.465,-0.9294
0.15,0.3,0.6,0.65,0.2,6034,11589,11589,2230,8052,1307,0.216884,-5622.1017,-0.9308
0.15,0.75,0.9,0.4,0.2,6034,8515,8515,2637,5288,590,0.332744,-5685.7167,-0.9413
0.15,0.3,0.6,1.0,0.65,6034,11589,11589,2082,4173,5334,0.332854,-5689.9817,-0.942
0.3,0.75,0.9,1.0,0.2,6034,8252,8252,826,5963,1463,0.121667,-5690.955,-0.9422
0.15,0.6,0.9,0.4,0.2,6034,9076,9076,2803,5643,630,0.331873,-5761.4883,-0.9539
0.15,0.75,0.9,0.5,0.2,6034,8515,8515,2156,5580,779,0.278697,-5799.6767,-0.9602
0.15,0.3,0.9,0.5,0.2,6034,10566,10566,2738,6987,841,0.281542,-5840.56,-0.967
0.15,0.75,0.9,0.3,0.2,6034,8515,8515,3264,4851,400,0.402218,-5888.225,-0.9749
0.15,0.3,0.9,0.4,0.2,6034,10566,10566,3333,6628,605,0.334605,-5958.225,-0.9865
0.15,0.3,0.6,0.65,0.3,6034,11589,11589,2722,6828,2039,0.285026,-5973.5017,-0.989
0.15,0.75,0.9,1.0,0.4,6034,8515,8515,1282,4542,2691,0.220124,-5976.4633,-0.9895
0.3,0.45,0.6,1.0,0.2,6034,10484,10484,1013,7588,1883,0.117777,-6017.4667,-0.9963
0.15,0.75,0.9,0.65,0.2,6034,8515,8515,1598,5886,1031,0.213522,-6342.3583,-1.0501
0.15,0.6,0.75,0.5,0.2,6034,9538,9538,2390,6264,884,0.276173,-6356.3867,-1.0524
0.15,0.3,0.6,0.5,0.2,6034,11589,11589,2972,7671,946,0.279245,-6397.27,-1.0592
0.15,0.6,0.9,0.3,0.2,6034,9076,9076,3458,5194,424,0.399676,-6472.1417,-1.0715
0.3,0.45,0.9,1.0,0.2,6034,9461,9461,918,6876,1667,0.117783,-6500.2967,-1.0762
0.15,0.3,0.75,0.65,0.2,6034,11028,11028,2121,7681,1226,0.216384,-6543.3583,-1.0833
0.3,0.75,0.9,0.2,0.2,6034,8252,8252,3960,4077,215,0.492721,-6547.245,-1.084
0.15,0.45,0.6,0.8,0.3,6034,10747,10747,1876,6470,2401,0.224778,-6564.92,-1.0869
0.15,0.75,0.9,0.65,0.3,6034,8515,8515,1980,4994,1541,0.283912,-6650.345,-1.1011
0.15,0.3,0.9,1.0,0.8,6034,10566,10566,2055,3069,5442,0.401054,-6676.2017,-1.1053
0.15,0.45,0.75,0.8,0.2,6034,10186,10186,1434,7263,1489,0.164884,-6682.0233,-1.1063
0.15,0.3,0.9,0.5,0.3,6034,10566,10566,3341,5883,1342,0.362207,-6812.52,-1.1279
0.15,0.3,0.9,0.65,0.5,6034,10566,10566,3094,4516,2956,0.40657,-6868.2833,-1.1371
0.15,0.45,0.75,0.8,0.3,6034,10186,10186,1783,6160,2243,0.224474,-6897.2417,-1.1419
0.15,0.3,0.9,0.65,0.4,6034,10566,10566,2837,5338,2391,0.347034,-6911.8733,-1.1443
0.15,0.6,0.75,1.0,0.5,6034,9538,9538,1544,4313,3681,0.263616,-6912.115,-1.1444
0.15,0.3,0.9,0.3,0.2,6034,10566,10566,4098,6080,388,0.402633,-6917.9217,-1.1454
0.15,0.45,0.9,0.5,0.2,6034,9724,9724,2438,6442,844,0.27455,-6940.285,-1.1491
0.15,0.6,0.9,1.0,0.4,6034,9076,9076,1334,4836,2906,0.216207,-6966.4783,-1.1534
0.15,0.3,0.45,0.8,0.5,6034,12237,12237,2719,5397,4121,0.335017,-7002.34,-1.1593
0.15,0.6,0.75,0.65,0.2,6034,9538,9538,1762,6598,1178,0.210766,-7074.8467,-1.1713
0.15,0.3,0.9,0.4,0.3,6034,10566,10566,4039,5535,992,0.421872,-7095.8267,-1.1748
0.15,0.45,0.9,0.4,0.2,6034,9724,9724,2990,6113,621,0.328463,-7122.825,-1.1793
0.15,0.75,0.9,0.4,0.3,6034,8515,8515,3193,4398,924,0.42063,-7131.98,-1.1808
0.3,0.6,0.9,1.0,0.3,6034,8813,8813,1081,5452,2280,0.165468,-7132.63,-1.1809
0.3,0.75,0.9,1.0,0.3,6034,8252,8252,1028,5129,2095,0.166964,-7158.1983,-1.1851
0.3,0.75,0.9,1.0,0.4,6034,8252,8252,1184,4404,2664,0.211883,-7225.8217,-1.1963
0.15,0.75,0.9,0.2,0.2,6034,8515,8515,4114,4191,210,0.495364,-7247.6617,-1.1999
0.3,0.45,0.9,0.8,0.2,6034,9461,9461,1295,6765,1401,0.16067,-7259.3367,-1.2019
0.3,0.75,0.9,0.8,0.2,6034,8252,8252,1131,5872,1249,0.161502,-7290.895,-1.2071
0.15,0.75,0.9,0.5,0.3,6034,8515,8515,2632,4690,1193,0.359465,-7314.2217,-1.211
0.15,0.3,0.75,0.65,0.4,6034,11028,11028,2940,5552,2536,0.346208,-7333.2517,-1.2141
0.15,0.75,0.9,0.3,0.3,6034,8515,8515,3910,3963,642,0.496634,-7396.6317,-1.2246
0.15,0.3,0.45,0.65,0.3,6034,12237,12237,2863,7242,2132,0.283325,-7403.9133,-1.2258
0.15,0.75,0.9,1.0,0.65,6034,8515,8515,1560,3139,3816,0.331986,-7416.4783,-1.2279
0.6,0.75,0.9,0.3,0.2,6034,6762,6762,2441,3874,447,0.38654,-7433.4867,-1.2307
0.15,0.3,0.75,0.2,0.2,6034,11028,11028,5406,5426,196,0.499077,-7460.6083,-1.2352
0.15,0.3,0.9,1.0,1.0,6034,10566,10566,2158,2320,6088,0.481912,-7465.335,-1.236
0.6,0.75,0.9,0.2,0.2,6034,6762,6762,3137,3371,254,0.482022,-7487.6717,-1.2397
0.3,0.6,0.9,0.65,0.2,6034,8813,8813,1602,6107,1104,0.207809,-7489.2583,-1.2399
0.15,0.45,0.6,0.5,0.2,6034,10747,10747,2672,7126,949,0.272709,-7496.995,-1.2412
0.15,0.3,0.75,0.5,0.2,6034,11028,11028,2826,7310,892,0.278808,-7536.37,-1.2477
0.15,0.3,0.75,0.5,0.3,6034,11028,11028,3457,6135,1436,0.360405,-7557.575,-1.2513
0.15,0.3,0.9,0.8,0.65,6034,10566,10566,2596,3716,4254,0.41128,-7559.365,-1.2516
0.3,0.6,0.75,1.0,0.3,6034,9275,9275,1135,5714,2426,0.165718,-7615.365,-1.2608
0.15,0.45,0.9,0.3,0.2,6034,9724,9724,3703,5613,408,0.397488,-7616.4133,-1.261
0.15,0.6,0.75,0.4,0.2,6034,9538,9538,2908,5960,670,0.327921,-7662.1833,-1.2686
0.15,0.6,0.75,1.0,0.4,6034,9538,9538,1401,5050,3087,0.217176,-7677.4767,-1.2711
0.15,0.6,0.9,0.8,0.5,6034,9076,9076,2015,4001,3060,0.33494,-7696.96,-1.2743
0.3,0.6,0.75,0.2,0.2,6034,9275,9275,4429,4606,240,0.490205,-7700.6183,-1.2749
0.15,0.45,0.9,0.65,0.2,6034,9724,9724,1805,6767,1152,0.210569,-7733.02,-1.2803
0.3,0.45,0.6,0.8,0.2,6034,10484,10484,1416,7483,1585,0.159119,-7745.7367,-1.2824
0.15,0.6,0.9,0.65,0.3,6034,9076,9076,2091,5318,1667,0.282224,-7764.7383,-1.2856
0.3,0.6,0.75,0.8,0.2,6034,9275,9275,1252,6590,1433,0.159653,-7777.295,-1.2876
0.3,0.45,0.75,1.0,0.2,6034,9923,9923,958,7208,1757,0.117316,-7793.6083,-1.2903
0.15,0.6,0.9,0.5,0.3,6034,9076,9076,2795,5006,1275,0.358287,-7802.5,-1.2918
0.15,0.75,0.9,0.8,0.5,6034,8515,8515,1901,3797,2817,0.333626,-7843.75,-1.2986
0.15,0.3,0.75,1.0,0.8,6034,11028,11028,2129,3192,5707,0.400113,-7845.7033,-1.299
0.15,0.3,0.75,0.4,0.2,6034,11028,11028,3438,6945,645,0.331118,-7858.92,-1.3011
0.3,0.75,0.9,0.3,0.2,6034,8252,8252,3081,4760,411,0.392935,-7879.2667,-1.3045
0.6,0.75,0.9,0.5,0.2,6034,6762,6762,1564,4427,771,0.261058,-7891.62,-1.3066
0.3,0.6,0.9,0.5,0.2,6034,8813,8813,2146,5834,833,0.268922,-7932.5033,-1.3133
0.15,0.3,0.45,0.65,0.2,6034,12237,12237,2328,8562,1347,0.213774,-7934.02,-1.3136
0.15,0.3,0.6,0.4,0.2,6034,11589,11589,3604,7300,685,0.330521,-7934.6917,-1.3137
0.15,0.6,0.75,0.65,0.3,6034,9538,9538,2173,5582,1783,0.280206,-7966.9367,-1.319
0.15,0.3,0.75,0.2,0.3,6034,11028,11028,6341,4326,361,0.59445,-8030.26,-1.3295
0.15,0.3,0.9,0.2,0.2,6034,10566,10566,5159,5215,192,0.497301,-8030.63,-1.3296
0.15,0.6,0.9,1.0,0.65,6034,9076,9076,1631,3323,4122,0.329229,-8041.76,-1.3314
0.15,0.3,0.6,0.5,0.3,6034,11589,11589,3620,6451,1518,0.359448,-8045.8533,-1.3321
0.15,0.3,0.75,0.65,0.5,6034,11028,11028,3193,4713,3122,0.40387,-8092.9033,-1.3399
0.3,0.75,0.9,0.2,0.4,6034,8252,8252,5078,2663,511,0.655988,-8106.865,-1.3422
0.15,0.75,0.9,0.2,0.3,6034,8515,8515,4833,3337,345,0.591554,-8169.3133,-1.3525
0.3,0.6,0.9,1.0,0.4,6034,8813,8813,1236,4698,2879,0.208291,-8215.8367,-1.3602
0.15,0.6,0.75,0.3,0.2,6034,9538,9538,3596,5482,460,0.396122,-8259.5317,-1.3675
0.3,0.6,0.9,0.2,0.2,6034,8813,8813,4182,4395,236,0.487583,-8270.64,-1.3693
0.15,0.45,0.9,1.0,0.4,6034,9724,9724,1406,5185,3133,0.213321,-8289.6767,-1.3725
0.15,0.3,0.75,0.4,0.3,6034,11028,11028,4178,5781,1069,0.41952,-8309.8867,-1.3758
0.15,0.6,0.75,0.2,0.2,6034,9538,9538,4583,4720,235,0.492637,-8401.035,-1.3909
0.3,0.75,0.9,0.65,0.2,6034,8252,8252,1493,5736,1023,0.206529,-8410.515,-1.3925
0.6,0.75,0.9,1.0,0.2,6034,6762,6762,618,4836,1308,0.113311,-8418.0517,-1.3937
0.15,0.75,0.9,0.8,0.4,6034,8515,8515,1728,4440,2347,0.280156,-8440.815,-1.3975
0.3,0.6,0.9,0.3,0.2,6034,8813,8813,3275,5103,435,0.390905,-8463.1833,-1.4012
0.15,0.45,0.6,0.65,0.2,6034,10747,10747,1969,7479,1299,0.208404,-8465.5083,-1.4016
0.15,0.6,0.9,0.4,0.3,6034,9076,9076,3383,4699,994,0.418585,-8502.67,-1.4077
0.45,0.6,0.9,0.8,0.2,6034,7971,7971,1024,5648,1299,0.153477,-8524.52,-1.4113
0.15,0.3,0.9,0.3,0.3,6034,10566,10566,4902,5003,661,0.494902,-8535.8583,-1.4132
0.15,0.6,0.75,0.5,0.3,6034,9538,9538,2911,5258,1369,0.356347,-8547.555,-1.4152
0.6,0.75,0.9,0.8,0.2,6034,6762,6762,860,4755,1147,0.153161,-8556.0783,-1.4166
0.45,0.75,0.9,0.3,0.2,6034,7410,7410,2686,4293,431,0.384869,-8577.7583,-1.4202
0.15,0.3,0.9,0.2,0.3,6034,10566,10566,6060,4166,340,0.592607,-8618.785,-1.427
0.15,0.45,0.75,0.5,0.2,6034,10186,10186,2526,6765,895,0.271876,-8636.095,-1.4298
0.15,0.3,0.9,0.5,0.4,6034,10566,10566,3732,4998,1836,0.427491,-8671.3817,-1.4357
0.15,0.3,0.45,0.5,0.2,6034,12237,12237,3108,8172,957,0.275532,-8676.9783,-1.4366
0.15,0.3,0.75,0.3,0.2,6034,11028,11028,4236,6368,424,0.399472,-8705.3117,-1.4413
0.3,0.75,0.9,0.2,0.3,6034,8252,8252,4633,3273,346,0.586011,-8802.7317,-1.4574
0.15,0.3,0.45,1.0,0.65,6034,12237,12237,2154,4390,5693,0.329156,-8814.69,-1.4594
0.15,0.6,0.9,0.8,0.4,6034,9076,9076,1831,4717,2528,0.279627,-8848.5917,-1.465
0.6,0.75,0.9,0.4,0.2,6034,6762,6762,1918,4223,621,0.312327,-8867.8417,-1.4682
0.15,0.45,0.9,0.4,0.3,6034,9724,9724,3640,5083,1001,0.417288,-8913.435,-1.4757
0.3,0.6,0.75,1.0,0.4,6034,9275,9275,1303,4912,3060,0.209654,-8926.835,-1.478
0.15,0.6,0.9,0.3,0.3,6034,9076,9076,4126,4255,695,0.492304,-8931.715,-1.4788
0.6,0.75,0.9,0.65,0.2,6034,6762,6762,1134,4653,975,0.195956,-8942.0033,-1.4805
0.15,0.6,0.9,0.2,0.2,6034,9076,9076,4336,4509,231,0.49022,-8971.0567,-1.4853
0.15,0.45,0.75,1.0,0.4,6034,10186,10186,1473,5399,3314,0.214348,-9000.675,-1.4902
0.45,0.75,0.9,0.2,0.2,6034,7410,7410,3426,3736,248,0.478358,-9013.8183,-1.4924
0.15,0.45,0.75,0.4,0.2,6034,10186,10186,3095,6430,661,0.324934,-9023.52,-1.494
0.45,0.6,0.9,0.5,0.2,6034,7971,7971,1846,5289,836,0.258725,-9032.2283,-1.4954
0.3,0.75,0.9,0.4,0.2,6034,8252,8252,2448,5208,596,0.319749,-9064.5783,-1.5008
0.3,0.75,0.9,0.5,0.2,6034,8252,8252,2000,5473,779,0.26763,-9071.6033,-1.5019
0.15,0.45,0.6,0.4,0.2,6034,10747,10747,3261,6785,701,0.324607,-9099.2917,-1.5065
0.15,0.3,0.75,1.0,1.0,6034,11028,11028,2230,2404,6394,0.481226,-9115.21,-1.5091
0.3,0.6,0.9,0.4,0.2,6034,8813,8813,2614,5563,636,0.319677,-9140.35,-1.5133
0.3,0.6,0.75,0.65,0.2,6034,9275,9275,1657,6448,1170,0.204442,-9143.0033,-1.5137
0.45,0.6,0.9,0.3,0.2,6034,7971,7971,2880,4636,455,0.383183,-9161.675,-1.5168
0.15,0.45,0.9,1.0,0.5,6034,9724,9724,1551,4451,3722,0.258414,-9176.3333,-1.5193
0.15,0.3,0.6,0.2,0.2,6034,11589,11589,5628,5744,217,0.4949,-9184.0033,-1.5205
0.15,0.45,0.9,0.65,0.3,6034,9724,9724,2232,5732,1760,0.280261,-9195.15,-1.5224
0.3,0.45,0.75,0.2,0.2,6034,9923,9923,4718,4971,234,0.486944,-9226.765,-1.5276
0.45,0.6,0.9,1.0,0.2,6034,7971,7971,710,5749,1512,0.109924,-9227.3933,-1.5277
0.3,0.6,0.9,0.8,0.3,6034,8813,8813,1485,5346,1982,0.217391,-9262.51,-1.5335
0.15,0.3,0.6,0.65,0.5,6034,11589,11589,3328,4931,3330,0.402954,-9270.88,-1.5349
0.3,0.45,0.9,1.0,0.3,6034,9461,9461,1136,5901,2424,0.161432,-9280.9833,-1.5366
0.15,0.3,0.6,0.3,0.2,6034,11589,11589,4430,6711,448,0.39763,-9289.2283,-1.538
0.15,0.45,0.9,0.8,0.4,6034,9724,9724,1956,5061,2707,0.278752,-9290.425,-1.5381
0.15,0.3,0.45,0.4,0.2,6034,12237,12237,3791,7770,676,0.327913,-9296.0283,-1.5391
0.15,0.45,0.75,0.65,0.2,6034,10186,10186,1860,7108,1218,0.207404,-9386.765,-1.5541
0.15,0.45,0.75,0.65,0.3,6034,10186,10186,2314,5996,1876,0.27846,-9397.3483,-1.5559
0.15,0.45,0.75,0.3,0.2,6034,10186,10186,3841,5901,444,0.394272,-9403.8033,-1.5569
0.15,0.3,0.75,0.2,0.4,6034,11028,11028,6907,3547,574,0.660704,-9424.9467,-1.5604
0.15,0.3,0.6,0.65,0.4,6034,11589,11589,3054,5847,2688,0.343108,-9484.075,-1.5702
0.15,0.45,0.9,0.5,0.3,6034,9724,9724,2984,5417,1323,0.355196,-9536.5933,-1.5789
0.3,0.45,0.9,1.0,0.4,6034,9461,9461,1308,5047,3106,0.205822,-9539.035,-1.5793
0.15,0.6,0.75,0.2,0.3,6034,9538,9538,5376,3752,410,0.588957,-9592.1033,-1.5881
0.3,0.75,0.9,0.8,0.3,6034,8252,8252,1392,5036,1824,0.216553,-9594.8317,-1.5885
0.3,0.45,0.9,0.3,0.2,6034,9461,9461,3520,5522,419,0.389294,-9607.455,-1.5906
0.15,0.3,0.9,0.5,0.5,6034,10566,10566,4031,4214,2321,0.488902,-9607.9483,-1.5907
0.15,0.3,0.9,0.2,0.4,6034,10566,10566,6596,3440,530,0.657234,-9611.2983,-1.5913
0.3,0.6,0.75,0.5,0.2,6034,9275,9275,2234,6157,884,0.266238,-9628.3133,-1.5941
0.15,0.45,0.9,0.3,0.3,6034,9724,9724,4440,4597,687,0.491313,-9637.14,-1.5956
0.15,0.3,0.6,0.4,0.3,6034,11589,11589,4368,6082,1139,0.41799,-9680.5767,-1.6027
0.3,0.45,0.75,0.8,0.2,6034,9923,9923,1329,7115,1479,0.15739,-9683.115,-1.6032
0.15,0.3,0.75,0.3,0.3,6034,11028,11028,5086,5219,723,0.493547,-9684.7917,-1.6034
0.15,0.3,0.75,0.2,0.5,6034,11028,11028,7284,2939,805,0.712511,-9710.445,-1.6077
0.15,0.6,0.75,0.4,0.3,6034,9538,9538,3522,4945,1071,0.415968,-9716.73,-1.6087
0.15,0.75,0.9,0.8,0.65,6034,8515,8515,2076,3029,3410,0.40666,-9727.0083,-1.6104
0.3,0.45,0.6,1.0,0.3,6034,10484,10484,1243,6486,2755,0.160823,-9738.15,-1.6123
0.3,0.45,0.75,1.0,0.3,6034,9923,9923,1190,6163,2570,0.161839,-9763.7183,-1.6165
0.15,0.45,0.9,0.8,0.5,6034,9724,9724,2153,4314,3257,0.332921,-9766.52,-1.617
0.15,0.3,0.45,0.5,0.3,6034,12237,12237,3809,6862,1566,0.356949,-9779.9467,-1.6192
0.15,0.3,0.9,0.2,0.5,6034,10566,10566,6967,2845,754,0.710049,-9789.0267,-1.6207
0.3,0.45,0.9,0.2,0.2,6034,9461,9461,4471,4760,230,0.484346,-9796.7867,-1.622
0.3,0.45,0.9,0.65,0.2,6034,9461,9461,1700,6617,1144,0.204401,-9801.1767,-1.6227
0.15,0.75,0.9,1.0,1.0,6034,8515,8515,1759,1923,4833,0.477729,-9858.8,-1.6323
0.15,0.45,0.75,0.2,0.2,6034,10186,10186,4872,5085,229,0.489304,-9927.1817,-1.6436
0.15,0.45,0.6,0.3,0.2,6034,10747,10747,4035,6244,468,0.392548,-9987.72,-1.6536
0.15,0.45,0.6,1.0,0.4,6034,10747,10747,1525,5693,3529,0.211277,-9990.69,-1.6541
0.15,0.3,0.6,1.0,0.8,6034,11589,11589,2195,3342,6052,0.396424,-10013.6117,-1.6579
0.15,0.3,0.6,0.2,0.3,6034,11589,11589,6603,4581,405,0.590397,-10041.575,-1.6625
0.15,0.6,0.75,0.3,0.3,6034,9538,9538,4310,4471,757,0.490832,-10080.6483,-1.669
0.15,0.3,0.45,0.4,0.3,6034,12237,12237,4625,6466,1146,0.417005,-10091.3417,-1.6708
0.3,0.75,0.9,0.8,0.4,6034,8252,8252,1596,4311,2345,0.270188,-10099.6267,-1.6721
0.3,0.75,0.9,0.65,0.3,6034,8252,8252,1847,4879,1526,0.274606,-10105.9217,-1.6732
0.15,0.3,0.9,0.4,0.4,6034,10566,10566,4477,4684,1405,0.488702,-10111.1217,-1.674
0.15,0.45,0.75,0.4,0.3,6034,10186,10186,3779,5329,1078,0.41491,-10127.495,-1.6767
0.45,0.6,0.75,0.2,0.2,6034,8433,8433,3895,4265,273,0.477328,-10167.1917,-1.6833
0.45,0.75,0.9,0.5,0.2,6034,7410,7410,1700,4928,782,0.256488,-10171.3283,-1.684
0.15,0.6,0.9,0.2,0.3,6034,9076,9076,5095,3592,389,0.586509,-10180.6283,-1.6855
0.15,0.6,0.75,0.8,0.5,6034,9538,9538,2081,4207,3250,0.330948,-10185.8733,-1.6864
0.3,0.45,0.9,0.5,0.2,6034,9461,9461,2282,6335,844,0.264825,-10212.2117,-1.6908
0.3,0.6,0.75,0.2,0.3,6034,9275,9275,5176,3688,411,0.583935,-10225.5217,-1.693
0.45,0.75,0.9,0.4,0.2,6034,7410,7410,2105,4693,612,0.30965,-10229.1783,-1.6936
0.3,0.45,0.75,1.0,0.4,6034,9923,9923,1375,5261,3287,0.207203,-10250.0333,-1.697
0.3,0.6,0.75,0.3,0.2,6034,9275,9275,3413,5391,471,0.387665,-10250.5733,-1.6971
0.15,0.45,0.75,0.5,0.3,6034,10186,10186,3100,5669,1417,0.353518,-10281.6483,-1.7023
0.15,0.3,0.75,0.5,0.4,6034,11028,11028,3872,5204,1952,0.42662,-10300.64,-1.7054
0.45,0.6,0.9,0.4,0.2,6034,7971,7971,2271,5048,652,0.310288,-10304.95,-1.7061
0.45,0.6,0.9,0.65,0.2,6034,7971,7971,1341,5534,1096,0.195055,-10332.665,-1.7107
0.15,0.75,0.9,1.0,0.8,6034,8515,8515,1667,2544,4304,0.395868,-10342.6767,-1.7124
0.15,0.3,0.45,0.65,0.4,6034,12237,12237,3219,6170,2848,0.342848,-10360.045,-1.7152
0.6,0.75,0.9,0.2,0.3,6034,6762,6762,3668,2699,395,0.576095,-10364.575,-1.716
0.15,0.75,0.9,0.2,0.5,6034,8515,8515,5543,2284,688,0.70819,-10422.8217,-1.7256
0.15,0.3,0.45,0.3,0.2,6034,12237,12237,4675,7130,432,0.396019,-10433.5,-1.7274
0.45,0.75,0.9,0.8,0.2,6034,7410,7410,937,5280,1193,0.150716,-10461.8983,-1.7321
0.15,0.45,0.9,0.2,0.2,6034,9724,9724,4625,4874,225,0.486893,-10497.2033,-1.7379
0.3,0.45,0.9,0.4,0.2,6034,9461,9461,2801,6033,627,0.31707,-10501.6867,-1.7387
0.15,0.45,0.75,1.0,0.5,6034,10186,10186,1618,4639,3929,0.25859,-10504.77,-1.7392
0.3,0.6,0.75,0.2,0.4,6034,9275,9275,5683,3001,591,0.654422,-10504.9817,-1.7392
0.15,0.6,0.75,0.8,0.4,6034,9538,9538,1900,4944,2694,0.277615,-10504.4917,-1.7392
0.3,0.6,0.9,0.8,0.4,6034,8813,8813,1699,4588,2526,0.27024,-10507.4033,-1.7396
0.15,0.45,0.6,0.65,0.3,6034,10747,10747,2425,6320,2002,0.277301,-10511.7417,-1.7404
0.45,0.6,0.75,1.0,0.2,6034,8433,8433,750,6081,1602,0.109794,-10520.705,-1.7418
0.3,0.75,0.9,1.0,0.5,6034,8252,8252,1302,3794,3156,0.255495,-10521.4333,-1.742
0.3,0.75,0.9,0.65,0.4,6034,8252,8252,2099,4157,1996,0.335518,-10532.4183,-1.7438
0.3,0.45,0.6,0.65,0.2,6034,10484,10484,1864,7329,1291,0.202763,-10533.665,-1.744
0.3,0.75,0.9,0.3,0.3,6034,8252,8252,3688,3923,641,0.484562,-10543.0833,-1.7455
0.3,0.45,0.9,0.8,0.3,6034,9461,9461,1589,5783,2089,0.215545,-10546.2867,-1.7461
0.15,0.45,0.6,1.0,0.5,6034,10747,10747,1680,4856,4211,0.257038,-10547.79,-1.7463
0.3,0.6,0.9,1.0,0.5,6034,8813,8813,1364,4011,3438,0.253767,-10564.4533,-1.7491
0.15,0.6,0.9,0.8,0.65,6034,9076,9076,2200,3200,3676,0.407407,-10574.175,-1.7507
0.15,0.75,0.9,0.65,0.4,6034,8515,8515,2228,4294,1993,0.341613,-10603.2917,-1.7555
0.15,0.75,0.9,0.65,0.5,6034,8515,8515,2430,3660,2425,0.399015,-10621.335,-1.7585
0.15,0.3,0.9,0.3,0.4,6034,10566,10566,5408,4192,966,0.563333,-10634.7483,-1.7607
0.15,0.6,0.75,1.0,0.65,6034,9538,9538,1697,3470,4371,0.32843,-10671.1867,-1.7668
0.3,0.6,0.75,0.8,0.3,6034,9275,9275,1539,5623,2113,0.214884,-10675.9583,-1.7675
0.3,0.6,0.9,0.2,0.4,6034,8813,8813,5372,2894,547,0.649891,-10691.3333,-1.7701
0.15,0.3,0.45,0.2,0.2,6034,12237,12237,5917,6109,211,0.492017,-10710.15,-1.7732
0.45,0.6,0.75,0.5,0.2,6034,8433,8433,1934,5612,887,0.256295,-10728.0383,-1.7762
0.45,0.6,0.9,0.2,0.2,6034,7971,7971,3648,4054,269,0.473643,-10737.2133,-1.7777
0.3,0.45,0.6,0.5,0.2,6034,10484,10484,2516,7019,949,0.26387,-10768.9217,-1.7829
0.15,0.45,0.6,0.5,0.3,6034,10747,10747,3263,5985,1499,0.352833,-10769.9267,-1.7831
0.15,0.45,0.75,0.3,0.3,6034,10186,10186,4624,4813,749,0.489986,-10786.0733,-1.7858
0.15,0.3,0.6,1.0,1.0,6034,11589,11589,2309,2509,6771,0.479244,-10799.5817,-1.788
0.3,0.6,0.9,0.2,0.3,6034,8813,8813,4895,3528,390,0.581147,-10814.0467,-1.7904
0.15,0.45,0.75,0.2,0.3,6034,10186,10186,5740,4046,400,0.586552,-10833.9533,-1.7937
0.15,0.75,0.9,0.2,0.4,6034,8515,8515,5242,2758,515,0.65525,-10836.98,-1.7942
0.3,0.75,0.9,0.2,0.5,6034,8252,8252,5340,2225,687,0.705882,-10888.9117,-1.8028
0.15,0.3,0.75,0.8,0.65,6034,11028,11028,2667,3880,4481,0.407362,-10908.64,-1.8061
0.6,0.75,0.9,0.3,0.3,6034,6762,6762,2912,3175,675,0.478397,-10938.94,-1.8111
0.15,0.45,0.75,0.8,0.4,6034,10186,10186,2025,5288,2873,0.276904,-10946.325,-1.8123
0.45,0.6,0.75,0.8,0.2,6034,8433,8433,1058,5998,1377,0.149943,-10948.2983,-1.8126
0.3,0.45,0.9,0.8,0.4,6034,9461,9461,1824,4932,2705,0.269982,-10949.2367,-1.8128
0.45,0.6,0.75,0.3,0.2,6034,8433,8433,3018,4924,491,0.380005,-10949.065,-1.8128
0.3,0.45,0.6,0.2,0.2,6034,10484,10484,4940,5289,255,0.482941,-10950.16,-1.8129
0.3,0.75,0.9,0.3,0.4,6034,8252,8252,4097,3257,898,0.557112,-10956.9633,-1.8141
0.45,0.75,0.9,1.0,0.2,6034,7410,7410,655,5369,1386,0.108732,-11003.535,-1.8218
0.15,0.75,0.9,0.2,0.65,6034,8515,8515,5831,1753,931,0.768855,-11030.3883,-1.8262
0.3,0.6,0.75,0.4,0.2,6034,9275,9275,2719,5880,676,0.3162,-11041.045,-1.828
0.15,0.3,0.9,0.3,0.5,6034,10566,10566,5779,3496,1291,0.623073,-11097.7983,-1.8374
0.15,0.3,0.6,0.5,0.4,6034,11589,11589,4047,5482,2060,0.424704,-11102.6083,-1.8382
0.15,0.45,0.9,1.0,0.65,6034,9724,9724,1703,3540,4481,0.324814,-11166.4683,-1.8488
0.15,0.3,0.6,0.3,0.3,6034,11589,11589,5302,5511,776,0.490336,-11219.875,-1.8576
0.3,0.6,0.9,0.65,0.3,6034,8813,8813,1958,5203,1652,0.273425,-11220.315,-1.8577
0.3,0.45,0.6,1.0,0.4,6034,10484,10484,1427,5555,3502,0.204383,-11240.0483,-1.8609
0.45,0.75,0.9,0.65,0.2,6034,7410,7410,1232,5163,1015,0.192651,-11253.9217,-1.8632
0.15,0.3,0.45,0.2,0.3,6034,12237,12237,6967,4875,395,0.58833,-11283.425,-1.8681
0.15,0.3,0.9,0.4,0.5,6034,10566,10566,4809,3931,1826,0.550229,-11283.54,-1.8681
0.15,0.3,0.6,0.5,0.5,6034,11589,11589,4380,4600,2609,0.487751,-11302.4983,-1.8713
0.15,0.45,0.6,0.8,0.4,6034,10747,10747,2128,5565,3054,0.276615,-11354.1017,-1.8798
0.3,0.75,0.9,0.5,0.3,6034,8252,8252,2453,4601,1198,0.347746,-11387.8383,-1.8854
0.3,0.45,0.75,0.3,0.2,6034,9923,9923,3658,5810,455,0.386354,-11394.845,-1.8866
0.15,0.45,0.9,0.2,0.3,6034,9724,9724,5459,3886,379,0.584163,-11422.4783,-1.8911
0.3,0.6,0.75,0.65,0.3,6034,9275,9275,2040,5467,1768,0.271746,-11422.5133,-1.8911
0.15,0.75,0.9,0.5,0.4,6034,8515,8515,2941,4011,1563,0.423044,-11439.1633,-1.8939
0.3,0.45,0.75,0.65,0.2,6034,9923,9923,1755,6958,1210,0.201423,-11454.9217,-1.8965
0.3,0.45,0.75,0.2,0.3,6034,9923,9923,5540,3982,401,0.581811,-11467.3717,-1.8986
0.15,0.45,0.6,0.4,0.3,6034,10747,10747,3969,5630,1148,0.413481,-11498.185,-1.9037
0.15,0.3,0.75,0.5,0.5,6034,11028,11028,4177,4397,2454,0.487171,-11522.3367,-1.9077
0.15,0.6,0.9,1.0,1.0,6034,9076,9076,1838,2028,5210,0.475427,-11543.1717,-1.9111
0.45,0.75,0.9,0.2,0.3,6034,7410,7410,4032,2993,385,0.57395,-11606.425,-1.9216
0.3,0.45,0.75,0.2,0.4,6034,9923,9923,6082,3238,603,0.652575,-11615.405,-1.9231
0.15,0.75,0.9,0.3,0.4,6034,8515,8515,4294,3334,887,0.562926,-11624.0117,-1.9245
0.3,0.45,0.6,0.8,0.3,6034,10484,10484,1736,6370,2378,0.214162,-11627.4133,-1.9251
0.45,0.75,0.9,0.3,0.3,6034,7410,7410,3226,3517,667,0.478422,-11644.365,-1.9279
0.15,0.45,0.6,0.2,0.2,6034,10747,10747,5094,5403,250,0.485282,-11650.5767,-1.9289
0.3,0.75,0.9,0.4,0.3,6034,8252,8252,2972,4347,933,0.406066,-11663.5967,-1.9311
0.15,0.75,0.9,0.4,0.4,6034,8515,8515,3534,3736,1245,0.486107,-11734.775,-1.9428
0.15,0.3,0.6,0.8,0.65,6034,11589,11589,2791,4051,4747,0.407922,-11755.8067,-1.9463
0.15,0.3,0.45,0.65,0.5,6034,12237,12237,3502,5227,3508,0.401191,-11798.905,-1.9535
0.15,0.6,0.9,0.65,0.5,6034,9076,9076,2565,3878,2633,0.398106,-11799.3117,-1.9535
0.3,0.45,0.9,0.2,0.4,6034,9461,9461,5771,3131,559,0.648281,-11801.7567,-1.9539
0.15,0.3,0.75,0.4,0.4,6034,11028,11028,4643,4875,1510,0.487813,-11839.4783,-1.9602
0.15,0.3,0.9,0.8,0.8,6034,10566,10566,2729,2961,4876,0.479613,-11839.9483,-1.9603
0.15,0.3,0.6,0.2,0.5,6034,11589,11589,7614,3109,866,0.710062,-11863.3333,-1.9641
0.3,0.6,0.9,0.5,0.3,6034,8813,8813,2616,4917,1280,0.347272,-11876.1167,-1.9662
0.3,0.6,0.75,1.0,0.5,6034,9275,9275,1431,4199,3645,0.254174,-11892.89,-1.969
0.3,0.45,0.75,0.5,0.2,6034,9923,9923,2370,6658,895,0.262517,-11908.0217,-1.9715
0.6,0.75,0.9,0.2,0.4,6034,6762,6762,4018,2212,532,0.644944,-11917.015,-1.973
0.15,0.3,0.45,0.3,0.3,6034,12237,12237,5616,5853,768,0.489668,-11925.3,-1.9744
0.15,0.3,0.9,0.65,0.65,6034,10566,10566,3324,3574,3668,0.481879,-11933.5017,-1.9757
0.15,0.45,0.9,0.8,0.65,6034,9724,9724,2343,3408,3973,0.407407,-11949.8883,-1.9785
0.3,0.45,0.75,0.8,0.3,6034,9923,9923,1643,6060,2220,0.213294,-11959.735,-1.9801
0.15,0.75,0.9,0.3,0.5,6034,8515,8515,4588,2795,1132,0.621428,-11972.8933,-1.9823
0.3,0.45,0.6,0.3,0.2,6034,10484,10484,3852,6153,479,0.385007,-11978.7617,-1.9832
0.45,0.6,0.75,0.65,0.2,6034,8433,8433,1396,5875,1162,0.191996,-11986.41,-1.9845
0.15,0.6,0.9,0.5,0.5,6034,9076,9076,3380,3613,2083,0.48334,-12005.7717,-1.9877
0.15,0.3,0.6,0.2,0.4,6034,11589,11589,7201,3778,610,0.655889,-12009.415,-1.9883
0.3,0.45,0.9,0.2,0.3,6034,9461,9461,5259,3822,380,0.579121,-12055.8967,-1.996
0.3,0.6,0.9,0.3,0.3,6034,8813,8813,3904,4215,694,0.480847,-12078.1667,-1.9997
0.15,0.45,0.6,0.8,0.5,6034,10747,10747,2333,4724,3690,0.330594,-12108.6433,-2.0047
0.3,0.6,0.9,0.3,0.4,6034,8813,8813,4344,3503,966,0.553587,-12113.5267,-2.0056
0.15,0.3,0.9,0.2,0.65,6034,10566,10566,7298,2203,1065,0.76813,-12159.72,-2.0132
0.3,0.6,0.75,0.8,0.4,6034,9275,9275,1768,4815,2692,0.268571,-12163.3033,-2.0138
0.15,0.75,0.9,0.8,1.0,6034,8515,8515,2316,1836,4363,0.557803,-12180.9667,-2.0167
0.45,0.6,0.75,0.4,0.2,6034,8433,8433,2376,5365,692,0.306937,-12205.645,-2.0208
0.15,0.75,0.9,0.5,0.5,6034,8515,8515,3177,3410,1928,0.482314,-12225.61,-2.0241
0.15,0.6,0.9,0.5,0.4,6034,9076,9076,3116,4289,1671,0.420797,-12241.1317,-2.0267
0.15,0.45,0.75,0.8,0.5,6034,10186,10186,2219,4520,3447,0.329277,-12255.4333,-2.029
0.3,0.75,0.9,0.5,0.4,6034,8252,8252,2766,3895,1591,0.415253,-12277.905,-2.0328
0.15,0.3,0.45,0.5,0.4,6034,12237,12237,4260,5805,2172,0.423249,-12318.125,-2.0394
0.15,0.45,0.6,0.3,0.3,6034,10747,10747,4840,5105,802,0.486677,-12321.1567,-2.0399
0.15,0.3,0.9,0.8,1.0,6034,10566,10566,2856,2223,5487,0.562315,-12367.65,-2.0476
0.6,0.75,0.9,0.5,0.3,6034,6762,6762,1907,3724,1131,0.338661,-12377.8183,-2.0493
0.15,0.75,0.9,0.65,0.65,6034,8515,8515,2632,2898,2985,0.475949,-12393.12,-2.0518
0.3,0.45,0.75,0.4,0.2,6034,9923,9923,2906,6350,667,0.313959,-12402.3817,-2.0534
0.3,0.45,0.6,0.4,0.2,6034,10484,10484,3072,6705,707,0.314207,-12478.1533,-2.0659
0.15,0.6,0.75,0.2,0.5,6034,9538,9538,6190,2548,800,0.7084,-12497.1283,-2.0691
0.15,0.6,0.9,1.0,0.8,6034,9076,9076,1733,2694,4649,0.391461,-12510.585,-2.0713
0.15,0.3,0.75,0.3,0.4,6034,11028,11028,5614,4358,1056,0.562976,-12564.3217,-2.0802
0.15,0.6,0.9,0.2,0.5,6034,9076,9076,5873,2454,749,0.705296,-12575.71,-2.0821
0.3,0.45,0.75,0.8,0.4,6034,9923,9923,1893,5159,2871,0.268434,-12605.1367,-2.0869
0.3,0.6,0.75,0.5,0.3,6034,9275,9275,2732,5169,1374,0.345779,-12621.1717,-2.0896
0.3,0.45,0.9,0.65,0.3,6034,9461,9461,2099,5617,1745,0.272032,-12650.7267,-2.0945
0.15,0.6,0.9,0.3,0.5,6034,9076,9076,4868,2979,1229,0.620364,-12651.4617,-2.0946
0.3,0.6,0.9,0.65,0.4,6034,8813,8813,2213,4452,2148,0.332033,-12683.2417,-2.0999
0.15,0.75,0.9,0.8,0.8,6034,8515,8515,2205,2449,3861,0.473786,-12690.0467,-2.101
0.15,0.6,0.9,0.65,0.4,6034,9076,9076,2342,4589,2145,0.337902,-12754.115,-2.1116
0.15,0.6,0.9,0.3,0.4,6034,9076,9076,4541,3580,955,0.559168,-12780.575,-2.116
0.3,0.45,0.9,0.3,0.3,6034,9461,9461,4218,4557,686,0.480684,-12783.5917,-2.1165
0.3,0.6,0.9,0.8,0.5,6034,8813,8813,1865,3902,3046,0.323392,-12802.9033,-2.1197
0.15,0.3,0.75,0.3,0.5,6034,11028,11028,5992,3635,1401,0.622416,-12829.8667,-2.1242
0.15,0.45,0.6,0.2,0.3,6034,10747,10747,6002,4301,444,0.582549,-12845.2683,-2.1267
0.3,0.45,0.75,0.65,0.3,6034,9923,9923,2181,5881,1861,0.270528,-12852.925,-2.128
0.3,0.75,0.9,0.4,0.4,6034,8252,8252,3327,3655,1270,0.476511,-12905.77,-2.1367
0.15,0.75,0.9,0.4,0.5,6034,8515,8515,3791,3159,1565,0.545468,-12935.1283,-2.1416
0.6,0.75,0.9,1.0,0.3,6034,6762,6762,782,4159,1821,0.158268,-12939.2617,-2.1423
0.6,0.75,0.9,0.8,0.3,6034,6762,6762,1074,4071,1617,0.208746,-12943.095,-2.1429
0.3,0.75,0.9,0.8,0.5,6034,8252,8252,1751,3698,2803,0.321343,-12949.6933,-2.144
0.3,0.6,0.75,0.2,0.5,6034,9275,9275,5987,2489,799,0.706347,-12963.2183,-2.1462
0.15,0.75,0.9,0.3,0.65,6034,8515,8515,4862,2163,1490,0.6921,-12999.7017,-2.1523
0.3,0.45,0.6,0.8,0.4,6034,10484,10484,1996,5436,3052,0.268568,-13012.9133,-2.1545
0.15,0.6,0.75,0.65,0.5,6034,9538,9538,2664,4075,2799,0.395311,-13023.9317,-2.1563
0.45,0.75,0.9,0.2,0.4,6034,7410,7410,4417,2449,544,0.643315,-13027.4383,-2.1569
0.45,0.6,0.75,0.2,0.3,6034,8433,8433,4575,3408,450,0.573093,-13029.215,-2.1572
0.3,0.6,0.9,0.4,0.3,6034,8813,8813,3162,4648,1003,0.404866,-13034.2867,-2.158
0.3,0.6,0.9,0.2,0.5,6034,8813,8813,5670,2395,748,0.703038,-13041.8,-2.1592
0.6,0.75,0.9,0.4,0.3,6034,6762,6762,2316,3511,935,0.39746,-13070.44,-2.164
0.3,0.45,0.9,0.3,0.4,6034,9461,9461,4694,3781,986,0.553864,-13072.235,-2.1643
0.3,0.6,0.9,0.5,0.4,6034,8813,8813,2941,4173,1699,0.41341,-13079.8733,-2.1655
0.15,0.75,0.9,0.2,0.8,6034,8515,8515,5983,1384,1148,0.812135,-13097.4683,-2.1685
0.6,0.75,0.9,0.3,0.4,6034,6762,6762,3230,2645,887,0.549787,-13102.79,-2.1693
0.3,0.6,0.75,0.65,0.4,6034,9275,9275,2316,4666,2293,0.33171,-13104.62,-2.1696
0.15,0.3,0.45,0.2,0.4,6034,12237,12237,7600,4015,622,0.654326,-13119.8383,-2.1722
0.15,0.3,0.75,0.2,0.65,6034,11028,11028,7626,2277,1125,0.77007,-13124.8567,-2.173
0.15,0.3,0.45,0.8,0.65,6034,12237,12237,2934,4259,5044,0.407897,-13131.52,-2.1741
0.15,0.3,0.75,0.4,0.5,6034,11028,11028,4981,4096,1951,0.54875,-13137.2983,-2.175
0.15,0.6,0.75,0.65,0.4,6034,9538,9538,2445,4803,2290,0.337334,-13175.4933,-2.1814
0.45,0.6,0.9,0.3,0.3,6034,7971,7971,3442,3809,720,0.474693,-13179.4483,-2.182
0.15,0.6,0.75,1.0,1.0,6034,9538,9538,1910,2112,5516,0.474888,-13193.0467,-2.1843
0.6,0.75,0.9,0.65,0.3,6034,6762,6762,1409,3957,1396,0.262579,-13213.75,-2.1877
0.3,0.6,0.75,0.3,0.3,6034,9275,9275,4088,4431,756,0.479869,-13227.1,-2.1899
0.15,0.6,0.75,0.2,0.4,6034,9538,9538,5847,3096,595,0.653807,-13235.0967,-2.1912
0.15,0.6,0.9,0.4,0.5,6034,9076,9076,4043,3348,1685,0.547017,-13253.2333,-2.1942
0.3,0.75,0.9,0.2,0.65,6034,8252,8252,5606,1738,908,0.763344,-13256.905,-2.1949
0.15,0.6,0.9,0.4,0.4,6034,9076,9076,3749,4000,1327,0.483804,-13266.9883,-2.1965
0.3,0.75,0.9,0.65,0.5,6034,8252,8252,2290,3548,2414,0.392258,-13324.6583,-2.2061
0.15,0.3,0.6,0.4,0.4,6034,11589,11589,4858,5139,1592,0.485946,-13371.6917,-2.2139
0.15,0.6,0.9,0.2,0.4,6034,9076,9076,5536,2989,551,0.649384,-13421.4483,-2.2221
0.15,0.75,0.9,0.5,0.65,6034,8515,8515,3424,2675,2416,0.561404,-13422.995,-2.2224
0.3,0.45,0.9,0.4,0.3,6034,9461,9461,3419,5032,1010,0.404568,-13445.0517,-2.226
0.15,0.3,0.45,1.0,0.8,6034,12237,12237,2275,3520,6442,0.39258,-13450.9583,-2.227
0.15,0.3,0.6,0.4,0.5,6034,11589,11589,5233,4285,2071,0.5498,-13455.4033,-2.2277
0.15,0.45,0.9,0.5,0.4,6034,9724,9724,3329,4612,1783,0.419217,-13456.6483,-2.2279
0.3,0.45,0.6,0.2,0.3,6034,10484,10484,5802,4237,445,0.577946,-13478.6867,-2.2316
0.45,0.75,0.9,0.4,0.3,6034,7410,7410,2573,3895,942,0.397805,-13481.205,-2.232
0.15,0.3,0.6,0.3,0.5,6034,11589,11589,6272,3819,1498,0.621544,-13508.435,-2.2365
0.15,0.3,0.75,0.65,0.65,6034,11028,11028,3438,3721,3869,0.480235,-13530.5017,-2.2401
0.3,0.45,0.9,0.65,0.4,6034,9461,9461,2378,4775,2308,0.332448,-13559.2117,-2.2449
0.15,0.45,0.9,0.4,0.4,6034,9724,9724,4031,4307,1386,0.483449,-13567.73,-2.2463
0.3,0.45,0.9,0.5,0.3,6034,9461,9461,2805,5328,1328,0.344891,-13610.21,-2.2533
0.45,0.6,0.9,0.2,0.3,6034,7971,7971,4294,3248,429,0.569345,-13617.74,-2.2546
0.15,0.45,0.9,0.65,0.4,6034,9724,9724,2507,4912,2305,0.337916,-13630.085,-2.2566
0.15,0.3,0.45,0.4,0.4,6034,12237,12237,5140,5446,1651,0.485547,-13672.4333,-2.2636
0.6,0.75,0.9,0.2,0.5,6034,6762,6762,4246,1834,682,0.698355,-13675.595,-2.2642
0.15,0.6,0.75,1.0,0.8,6034,9538,9538,1807,2817,4914,0.390787,-13680.0867,-2.2649
0.15,0.3,0.75,0.8,0.8,6034,11028,11028,2814,3101,5113,0.47574,-13700.5133,-2.2683
0.15,0.75,0.9,0.2,1.0,6034,8515,8515,6114,1018,1383,0.857263,-13713.7317,-2.2705
0.15,0.3,0.6,0.3,0.4,6034,11589,11589,5861,4604,1124,0.560057,-13720.885,-2.2717
0.15,0.45,0.9,0.3,0.4,6034,9724,9724,4891,3858,975,0.559035,-13739.2833,-2.2747
0.15,0.45,0.75,1.0,0.65,6034,10186,10186,1769,3687,4730,0.32423,-13795.895,-2.2841
0.15,0.3,0.9,0.5,0.65,6034,10566,10566,4307,3317,2942,0.564927,-13848.9233,-2.2929
0.15,0.6,0.75,0.5,0.4,6034,9538,9538,3256,4495,1787,0.420075,-13870.39,-2.2964
0.3,0.75,0.9,0.2,0.8,6034,8252,8252,5764,1359,1129,0.80921,-13886.6533,-2.2991
0.45,0.6,0.9,0.8,0.3,6034,7971,7971,1271,4818,1882,0.208737,-13894.55,-2.3004
0.15,0.75,0.9,0.4,0.65,6034,8515,8515,4054,2460,2001,0.622352,-13898.32,-2.301
0.3,0.75,0.9,1.0,0.65,6034,8252,8252,1444,3070,3738,0.319894,-13908.2633,-2.3027
0.15,0.6,0.75,0.5,0.5,6034,9538,9538,3526,3796,2216,0.481562,-13920.16,-2.3047
0.15,0.6,0.75,0.8,0.65,6034,9538,9538,2271,3364,3903,0.403017,-13923.45,-2.3052
0.3,0.45,0.75,0.3,0.3,6034,9923,9923,4402,4773,748,0.479782,-13932.525,-2.3067
0.15,0.3,0.45,0.2,0.5,6034,12237,12237,8025,3331,881,0.706675,-13941.8833,-2.3083
0.15,0.3,0.9,0.3,0.65,6034,10566,10566,6103,2712,1751,0.692343,-13961.9383,-2.3116
0.15,0.6,0.9,0.8,1.0,6034,9076,9076,2440,1930,4706,0.558352,-13965.8933,-2.3122
0.3,0.45,0.6,0.65,0.3,6034,10484,10484,2292,6205,1987,0.269742,-13967.3183,-2.3125
0.3,0.75,0.9,0.3,0.5,6034,8252,8252,4359,2734,1159,0.61455,-13969.6717,-2.3129
0.3,0.45,0.75,0.65,0.4,6034,9923,9923,2481,4989,2453,0.332129,-13980.59,-2.3147
0.3,0.6,0.75,0.3,0.4,6034,9275,9275,4550,3669,1056,0.553595,-14043.1,-2.325
0.15,0.45,0.75,0.65,0.4,6034,10186,10186,2610,5126,2450,0.337384,-14051.4633,-2.3264
0.45,0.75,0.9,0.3,0.4,6034,7410,7410,3580,2923,907,0.550515,-14061.4983,-2.3281
0.45,0.75,0.9,0.5,0.3,6034,7410,7410,2096,4135,1179,0.336383,-14111.9117,-2.3364
0.3,0.45,0.9,1.0,0.5,6034,9461,9461,1438,4337,3686,0.249004,-14157.1083,-2.3439
0.15,0.6,0.9,0.2,0.65,6034,9076,9076,6164,1902,1010,0.764195,-14161.235,-2.3446
0.3,0.45,0.6,0.2,0.4,6034,10484,10484,6376,3469,639,0.647638,-14199.8733,-2.351
0.45,0.75,0.9,0.8,0.3,6034,7410,7410,1178,4508,1724,0.207176,-14226.8717,-2.3554
0.3,0.6,0.75,0.4,0.3,6034,9275,9275,3301,4894,1080,0.402807,-14248.3467,-2.359
0.3,0.45,0.9,0.5,0.4,6034,9461,9461,3154,4496,1811,0.412288,-14295.39,-2.3668
0.3,0.75,0.9,0.2,1.0,6034,8252,8252,5896,1002,1354,0.854741,-14320.2367,-2.3709
0.15,0.45,0.9,0.65,0.5,6034,9724,9724,2739,4174,2811,0.39621,-14327.3367,-2.3721
0.45,0.6,0.75,0.3,0.3,6034,8433,8433,3626,4025,782,0.473925,-14328.3817,-2.3722
0.15,0.45,0.75,0.2,0.4,6034,10186,10186,6246,3333,607,0.652051,-14345.52,-2.3751
0.3,0.45,0.75,0.5,0.3,6034,9923,9923,2921,5580,1422,0.343607,-14355.265,-2.3767
0.15,0.6,0.75,0.3,0.5,6034,9538,9538,5081,3118,1339,0.61971,-14383.53,-2.3814
0.15,0.45,0.6,1.0,0.65,6034,10747,10747,1840,3871,5036,0.322185,-14421.1767,-2.3876
0.3,0.6,0.9,0.4,0.4,6034,8813,8813,3542,3919,1352,0.474735,-14437.9833,-2.3904
0.3,0.6,0.9,0.65,0.5,6034,8813,8813,2425,3766,2622,0.391698,-14502.635,-2.4011
0.15,0.75,0.9,0.65,1.0,6034,8515,8515,2902,1727,3886,0.626917,-14512.1533,-2.4027
0.15,0.3,0.75,0.2,0.8,6034,11028,11028,7821,1782,1425,0.814433,-14525.7117,-2.4049
0.15,0.45,0.9,0.2,0.4,6034,9724,9724,5935,3226,563,0.647855,-14531.8717,-2.4059
0.3,0.6,0.9,1.0,0.65,6034,8813,8813,1515,3254,4044,0.317677,-14533.545,-2.4062
0.15,0.3,0.9,0.2,0.8,6034,10566,10566,7489,1727,1350,0.812609,-14533.2017,-2.4062
0.15,0.3,0.9,0.4,0.65,6034,10566,10566,5112,3072,2382,0.624633,-14546.0333,-2.4083
0.15,0.45,0.75,0.2,0.5,6034,10186,10186,6601,2770,815,0.704407,-14575.6783,-2.4132
0.45,0.6,0.9,0.5,0.3,6034,7971,7971,2259,4451,1261,0.336662,-14600.19,-2.4173
0.45,0.75,0.9,0.65,0.3,6034,7410,7410,1550,4371,1489,0.26178,-14644.1617,-2.4245
0.3,0.6,0.9,0.3,0.5,6034,8813,8813,4639,2918,1256,0.613868,-14648.24,-2.4252
0.15,0.45,0.9,0.2,0.5,6034,9724,9724,6284,2676,764,0.701339,-14654.26,-2.4262
0.3,0.45,0.75,0.4,0.3,6034,9923,9923,3558,5278,1087,0.402671,-14659.1117,-2.427
0.15,0.3,0.45,0.3,0.4,6034,12237,12237,6211,4882,1144,0.559903,-14679.5933,-2.4304
0.3,0.6,0.75,0.5,0.4,6034,9275,9275,3081,4379,1815,0.413003,-14709.1317,-2.4353
0.15,0.6,0.75,0.3,0.4,6034,9538,9538,4747,3746,1045,0.558931,-14710.1483,-2.4355
0.3,0.45,0.9,0.4,0.4,6034,9461,9461,3824,4226,1411,0.475031,-14738.725,-2.4402
0.15,0.3,0.45,0.5,0.5,6034,12237,12237,4595,4905,2737,0.483684,-14772.61,-2.4458
0.6,0.75,0.9,0.2,1.0,6034,6762,6762,4725,825,1212,0.851351,-14789.7833,-2.4486
0.3,0.45,0.6,0.5,0.3,6034,10484,10484,3084,5896,1504,0.34343,-14843.5433,-2.4575
0.15,0.3,0.75,0.8,1.0,6034,11028,11028,2942,2323,5763,0.558784,-14849.7167,-2.4586
0.45,0.6,0.9,0.4,0.3,6034,7971,7971,2763,4196,1012,0.39704,-14851.895,-2.4589
0.3,0.45,0.9,0.8,0.5,6034,9461,9461,2003,4215,3243,0.322129,-14872.4633,-2.4623
0.15,0.6,0.9,0.5,0.65,6034,9076,9076,3627,2861,2588,0.559032,-14985.295,-2.481
0.15,0.6,0.9,0.3,0.65,6034,9076,9076,5153,2317,1606,0.689826,-14986.5583,-2.4812
0.15,0.6,0.75,0.4,0.4,6034,9538,9538,3915,4191,1432,0.482976,-14995.345,-2.4827
0.3,0.45,0.75,0.3,0.4,6034,9923,9923,4900,3947,1076,0.55386,-15001.8083,-2.4837
0.3,0.75,0.9,1.0,0.8,6034,8252,8252,1538,2466,4248,0.384116,-15015.9383,-2.4861
0.3,0.45,0.75,0.2,0.5,6034,9923,9923,6398,2711,814,0.702382,-15041.7683,-2.4904
0.15,0.6,0.9,0.8,0.8,6034,9076,9076,2319,2585,4172,0.472879,-15061.5617,-2.4936
0.45,0.6,0.9,1.0,0.3,6034,7971,7971,890,4931,2150,0.152895,-15062.0467,-2.4937
0.15,0.75,0.9,0.3,1.0,6034,8515,8515,5170,1248,2097,0.805547,-15061.9567,-2.4937
0.15,0.45,0.75,0.5,0.4,6034,10186,10186,3469,4818,1899,0.418607,-15085.9067,-2.4977
0.45,0.75,0.9,1.0,0.3,6034,7410,7410,837,4608,1965,0.153719,-15087.615,-2.4979
0.15,0.6,0.75,0.4,0.5,6034,9538,9538,4215,3513,1810,0.545419,-15106.9917,-2.5012
0.3,0.45,0.9,0.2,0.5,6034,9461,9461,6081,2617,763,0.699126,-15120.35,-2.5034
0.15,0.45,0.9,0.3,0.5,6034,9724,9724,5224,3240,1260,0.617202,-15122.6817,-2.5038
0.15,0.6,0.75,0.2,0.65,6034,9538,9538,6492,1976,1070,0.766651,-15126.3717,-2.5044
0.3,0.6,0.9,0.5,0.5,6034,8813,8813,3191,3512,2110,0.476055,-15145.6867,-2.5076
0.15,0.6,0.9,0.65,0.65,6034,9076,9076,2772,3092,3212,0.472715,-15147.2333,-2.5078
0.15,0.45,0.9,0.2,0.65,6034,9724,9724,6609,2045,1070,0.763693,-15182.6067,-2.5137
0.45,0.6,0.9,0.3,0.4,6034,7971,7971,3827,3169,975,0.547027,-15218.0617,-2.5195
0.6,0.75,0.9,0.2,0.65,6034,6762,6762,4472,1437,853,0.756812,-15258.42,-2.5262
0.3,0.6,0.75,0.8,0.5,6034,9275,9275,1931,4108,3236,0.319755,-15291.8167,-2.5318
0.15,0.45,0.75,0.4,0.4,6034,10186,10186,4197,4498,1491,0.482691,-15296.0867,-2.5325
0.15,0.45,0.75,0.8,0.65,6034,10186,10186,2414,3572,4200,0.403274,-15299.1633,-2.533
0.45,0.6,0.75,0.8,0.3,6034,8433,8433,1325,5095,2013,0.206386,-15307.9983,-2.5344
0.45,0.6,0.75,0.5,0.3,6034,8433,8433,2375,4703,1355,0.335547,-15345.245,-2.5406
0.15,0.75,0.9,0.3,0.8,6034,8515,8515,5027,1712,1776,0.745956,-15349.6933,-2.5413
0.3,0.75,0.9,0.5,0.5,6034,8252,8252,2988,3309,1955,0.474512,-15365.525,-2.544
0.45,0.6,0.75,0.2,0.4,6034,8433,8433,5022,2787,624,0.643104,-15425.555,-2.5539
0.3,0.45,0.6,0.3,0.3,6034,10484,10484,4618,5065,801,0.476918,-15467.6083,-2.5609
0.15,0.45,0.9,0.5,0.5,6034,9724,9724,3595,3918,2211,0.478504,-15475.8833,-2.5622
0.3,0.45,0.75,1.0,0.5,6034,9923,9923,1505,4525,3893,0.249585,-15485.545,-2.5638
0.6,0.75,0.9,0.3,0.5,6034,6762,6762,3448,2217,1097,0.60865,-15523.335,-2.5701
0.3,0.45,0.6,1.0,0.5,6034,10484,10484,1567,4742,4175,0.248375,-15528.565,-2.571
0.45,0.6,0.75,1.0,0.3,6034,8433,8433,944,5193,2296,0.153821,-15544.7817,-2.5736
0.15,0.45,0.75,0.65,0.5,6034,10186,10186,2838,4371,2977,0.393675,-15551.9567,-2.5748
0.45,0.6,0.9,0.2,0.4,6034,7971,7971,4711,2680,580,0.637397,-15611.9067,-2.5848
0.15,0.75,0.9,0.65,0.8,6034,8515,8515,2770,2333,3412,0.542818,-15613.0733,-2.5849
0.15,0.45,0.75,0.3,0.4,6034,10186,10186,5097,4024,1065,0.55882,-15668.8567,-2.5942
0.6,0.75,0.9,0.2,0.8,6034,6762,6762,4611,1129,1022,0.80331,-15692.1633,-2.598
0.3,0.6,0.75,0.65,0.5,6034,9275,9275,2524,3963,2788,0.389086,-15727.255,-2.6039
0.45,0.75,0.9,0.2,0.5,6034,7410,7410,4657,2056,697,0.693729,-15754.145,-2.6083
0.45,0.6,0.9,0.65,0.3,6034,7971,7971,1661,4695,1615,0.261328,-15758.555,-2.609
0.15,0.75,0.9,0.5,1.0,6034,8515,8515,3720,1574,3221,0.702682,-15777.91,-2.6122
0.15,0.45,0.9,0.3,0.65,6034,9724,9724,5542,2490,1692,0.68999,-15797.34,-2.6155
0.6,0.75,0.9,0.5,0.4,6034,6762,6762,2150,3186,1426,0.402924,-15847.655,-2.6238
0.3,0.75,0.9,0.4,0.5,6034,8252,8252,3570,3088,1594,0.536197,-15868.7983,-2.6273
0.15,0.45,0.9,0.4,0.5,6034,9724,9724,4321,3645,1758,0.54243,-15870.6783,-2.6276
0.15,0.45,0.6,0.5,0.4,6034,10747,10747,3644,5096,2007,0.416934,-15887.875,-2.6304
0.3,0.45,0.75,0.5,0.4,6034,9923,9923,3294,4702,1927,0.411956,-15924.6483,-2.6365
0.15,0.3,0.75,0.5,0.65,6034,11028,11028,4471,3446,3111,0.564734,-15934.53,-2.6382
0.6,0.75,0.9,1.0,0.4,6034,6762,6762,903,3614,2245,0.199911,-15942.3917,-2.6395
0.15,0.45,0.9,1.0,0.8,6034,9724,9724,1813,2872,5039,0.38698,-15947.9317,-2.6404
0.45,0.6,0.75,0.65,0.3,6034,8433,8433,1743,4959,1731,0.260072,-15960.7533,-2.6425
0.15,0.3,0.45,0.3,0.5,6034,12237,12237,6628,4080,1529,0.618976,-15979.655,-2.6456
0.6,0.75,0.9,0.8,0.4,6034,6762,6762,1237,3524,2001,0.259819,-15997.7667,-2.6486
0.15,0.6,0.9,0.4,0.65,6034,9076,9076,4312,2632,2132,0.620968,-16010.65,-2.6508
0.3,0.45,0.6,0.4,0.3,6034,10484,10484,3748,5579,1157,0.401844,-16029.8017,-2.6539
0.6,0.75,0.9,0.4,0.4,6034,6762,6762,2599,2971,1192,0.466607,-16061.6367,-2.6592
0.45,0.6,0.75,0.4,0.3,6034,8433,8433,2902,4442,1089,0.395153,-16065.955,-2.6599
0.15,0.3,0.6,0.8,0.8,6034,11589,11589,2928,3237,5424,0.474939,-16072.0283,-2.6609
0.15,0.3,0.45,0.4,0.5,6034,12237,12237,5511,4582,2144,0.546022,-16072.8483,-2.6611
0.3,0.45,0.6,0.65,0.4,6034,10484,10484,2595,5284,2605,0.329357,-16131.4133,-2.6708
0.15,0.3,0.9,0.65,0.8,6034,10566,10566,3479,2838,4249,0.550736,-16135.4383,-2.6714
0.15,0.45,0.6,0.8,0.65,6034,10747,10747,2538,3743,4466,0.404076,-16146.33,-2.6732
0.15,0.45,0.75,0.2,0.65,6034,10186,10186,6937,2119,1130,0.766011,-16147.7433,-2.6735
0.3,0.45,0.6,0.3,0.4,6034,10484,10484,5147,4193,1144,0.551071,-16158.3717,-2.6752
0.3,0.6,0.75,0.4,0.4,6034,9275,9275,3708,4110,1457,0.47429,-16166.34,-2.6765
0.3,0.6,0.9,0.4,0.5,6034,8813,8813,3822,3277,1714,0.538386,-16186.9033,-2.68
0.15,0.45,0.6,0.65,0.4,6034,10747,10747,2724,5421,2602,0.334438,-16202.2867,-2.6825
0.15,0.3,0.9,0.2,1.0,6034,10566,10566,7648,1279,1639,0.856727,-16204.335,-2.6828
0.3,0.75,0.9,1.0,1.0,6034,8252,8252,1629,1909,4714,0.46043,-16222.185,-2.6858
0.15,0.3,0.6,0.2,0.65,6034,11589,11589,7959,2426,1204,0.766394,-16255.7033,-2.6913
0.45,0.75,0.9,0.2,0.65,6034,7410,7410,4917,1580,913,0.756811,-16279.7917,-2.6953
0.15,0.3,0.6,0.65,0.65,6034,11589,11589,3578,3915,4096,0.477512,-16284.615,-2.6961
0.3,0.75,0.9,0.65,0.65,6034,8252,8252,2492,2830,2930,0.468245,-16284.8667,-2.6962
0.15,0.3,0.45,1.0,1.0,6034,12237,12237,2381,2663,7193,0.472046,-16304.5,-2.6994
0.3,0.75,0.9,0.8,0.65,6034,8252,8252,1916,2977,3359,0.39158,-16327.3217,-2.7032
0.15,0.6,0.75,0.2,0.8,6034,9538,9538,6668,1552,1318,0.811192,-16331.2217,-2.7038
0.15,0.6,0.9,0.2,0.8,6034,9076,9076,6336,1497,1243,0.808885,-16338.7117,-2.7051
0.3,0.75,0.9,0.3,0.65,6034,8252,8252,4618,2143,1491,0.683035,-16352.7033,-2.7074
0.45,0.75,0.9,0.4,0.4,6034,7410,7410,2881,3278,1251,0.467771,-16362.3783,-2.709
0.6,0.75,0.9,0.65,0.4,6034,6762,6762,1604,3408,1750,0.320032,-16374.66,-2.711
0.3,0.6,0.75,0.3,0.5,6034,9275,9275,4852,3057,1366,0.613478,-16380.3083,-2.712
0.3,0.6,0.9,0.2,0.65,6034,8813,8813,5939,1887,987,0.758881,-16387.7517,-2.7132
0.45,0.75,0.9,0.8,0.4,6034,7410,7410,1362,3868,2180,0.260421,-16439.6,-2.7218
0.15,0.6,0.75,0.8,1.0,6034,9538,9538,2526,2030,4982,0.554434,-16447.96,-2.7232
0.3,0.45,0.75,0.4,0.4,6034,9923,9923,3990,4417,1516,0.474604,-16467.0817,-2.7263
0.15,0.75,0.9,0.5,0.8,6034,8515,8515,3580,2137,2798,0.626203,-16490.68,-2.7302
0.15,0.3,0.75,0.65,0.8,6034,11028,11028,3600,2965,4463,0.548363,-16542.0733,-2.7388
0.15,0.3,0.75,0.3,0.65,6034,11028,11028,6326,2819,1883,0.691744,-16593.8217,-2.7473
0.15,0.3,0.75,0.2,1.0,6034,11028,11028,7984,1309,1735,0.859141,-16618.6917,-2.7514
0.15,0.3,0.9,0.65,1.0,6034,10566,10566,3625,2118,4823,0.631203,-16623.0633,-2.7522
0.15,0.3,0.6,0.8,1.0,6034,11589,11589,3066,2417,6106,0.559183,-16634.6433,-2.7541
0.15,0.6,0.9,0.2,1.0,6034,9076,9076,6477,1102,1497,0.854598,-16673.8817,-2.7606
0.3,0.45,0.6,0.5,0.4,6034,10484,10484,3469,4980,2035,0.410581,-16726.6167,-2.7693
0.15,0.45,0.6,0.2,0.5,6034,10747,10747,6931,2940,876,0.702158,-16728.5667,-2.7696
0.15,0.45,0.6,0.65,0.5,6034,10747,10747,2973,4589,3185,0.39315,-16729.9333,-2.7699
0.15,0.6,0.75,0.65,0.65,6034,9538,9538,2886,3239,3413,0.471184,-16744.2333,-2.7722
0.15,0.45,0.6,0.3,0.4,6034,10747,10747,5344,4270,1133,0.555856,-16825.42,-2.7857
0.15,0.45,0.6,0.4,0.4,6034,10747,10747,4412,4762,1573,0.480924,-16828.3,-2.7861
0.45,0.6,0.9,0.8,0.4,6034,7971,7971,1465,4145,2361,0.261141,-16847.3767,-2.7893
0.15,0.75,0.9,0.4,1.0,6034,8515,8515,4359,1433,2723,0.75259,-16850.9467,-2.7899
0.15,0.45,0.75,0.3,0.5,6034,10186,10186,5437,3379,1370,0.61672,-16854.75,-2.7905
0.15,0.3,0.75,0.4,0.65,6034,11028,11028,5298,3194,2536,0.623881,-16858.4933,-2.7911
0.15,0.6,0.9,0.3,1.0,6034,9076,9076,5477,1332,2267,0.804377,-16907.8067,-2.7993
0.15,0.6,0.75,0.8,0.8,6034,9538,9538,2404,2725,4409,0.468707,-16922.1267,-2.8017
0.15,0.45,0.6,0.2,0.4,6034,10747,10747,6540,3564,643,0.647268,-16929.9883,-2.803
0.15,0.45,0.9,0.4,0.65,6034,9724,9724,4622,2825,2277,0.620653,-16961.2217,-2.8081
0.15,0.45,0.9,0.8,0.8,6034,9724,9724,2475,2758,4491,0.47296,-16994.445,-2.8136
0.3,0.45,0.9,0.65,0.5,6034,9461,9461,2599,4062,2800,0.390182,-17030.66,-2.8196
0.3,0.75,0.9,0.8,0.8,6034,8252,8252,2041,2379,3832,0.461765,-17032.9317,-2.82
0.15,0.45,0.9,1.0,1.0,6034,9724,9724,1910,2182,5632,0.466764,-17048.09,-2.8225
0.3,0.6,0.75,0.5,0.5,6034,9275,9275,3337,3695,2243,0.474545,-17060.075,-2.8245
0.45,0.75,0.9,0.5,0.4,6034,7410,7410,2363,3509,1538,0.402418,-17063.1717,-2.825
0.15,0.45,0.9,0.65,0.65,6034,9724,9724,2952,3287,3485,0.473153,-17063.5483,-2.8251
0.15,0.6,0.75,0.5,0.65,6034,9538,9538,3791,2990,2757,0.559062,-17070.9017,-2.8263
0.15,0.6,0.75,0.2,1.0,6034,9538,9538,6813,1132,1593,0.85752,-17088.2383,-2.8292
0.15,0.45,0.75,1.0,0.8,6034,10186,10186,1887,2995,5304,0.386522,-17117.4333,-2.834
0.3,0.45,0.9,0.3,0.5,6034,9461,9461,4995,3179,1287,0.611084,-17119.46,-2.8343
0.3,0.6,0.75,0.2,0.8,6034,9275,9275,6449,1527,1299,0.808551,-17120.4067,-2.8345
0.3,0.75,0.9,0.65,0.8,6034,8252,8252,2634,2250,3368,0.539312,-17127.285,-2.8356
0.3,0.6,0.9,0.2,0.8,6034,8813,8813,6117,1472,1224,0.806035,-17127.8967,-2.8357
0.45,0.6,0.75,0.3,0.4,6034,8433,8433,4033,3335,1065,0.547367,-17147.635,-2.839
0.15,0.3,0.9,0.3,0.8,6034,10566,10566,6299,2133,2134,0.747035,-17163.18,-2.8416
0.3,0.6,0.75,1.0,0.65,6034,9275,9275,1581,3401,4293,0.317342,-17162.9717,-2.8416
0.15,0.45,0.6,0.5,0.5,6034,10747,10747,3944,4304,2499,0.478177,-17170.4333,-2.8428
0.3,0.6,0.9,0.8,0.65,6034,8813,8813,2040,3148,3625,0.393215,-17174.4883,-2.8435
0.3,0.6,0.9,1.0,0.8,6034,8813,8813,1604,2616,4593,0.380095,-17183.8467,-2.845
0.3,0.45,0.6,0.2,0.5,6034,10484,10484,6728,2881,875,0.700177,-17194.6567,-2.8468
0.3,0.45,0.6,0.8,0.5,6034,10484,10484,2183,4625,3676,0.320652,-17214.5867,-2.8501
0.45,0.75,0.9,0.65,0.4,6034,7410,7410,1769,3731,1910,0.321636,-17250.63,-2.8561
0.45,0.75,0.9,1.0,0.4,6034,7410,7410,975,3963,2472,0.197448,-17265.59,-2.8585
0.15,0.3,0.45,0.2,0.65,6034,12237,12237,8404,2569,1264,0.76588,-17277.075,-2.8604
0.3,0.6,0.9,0.2,1.0,6034,8813,8813,6259,1086,1468,0.852144,-17280.3867,-2.861
0.6,0.75,0.9,0.3,1.0,6034,6762,6762,3940,1012,1810,0.795638,-17282.33,-2.8613
0.15,0.6,0.9,0.3,0.8,6034,9076,9076,5332,1822,1922,0.745317,-17324.59,-2.8683
0.15,0.45,0.9,0.5,0.65,6034,9724,9724,3861,3064,2799,0.557545,-17340.73,-2.871
0.3,0.6,0.75,0.2,0.65,6034,9275,9275,6267,1961,1047,0.761667,-17352.8883,-2.873
0.3,0.45,0.75,0.8,0.5,6034,9923,9923,2069,4421,3433,0.318798,-17361.3767,-2.8744
0.15,0.75,0.9,0.4,0.8,6034,8515,8515,4213,1970,2332,0.681384,-17369.0733,-2.8757
0.6,0.75,0.9,0.3,0.65,6034,6762,6762,3668,1748,1346,0.677253,-17377.3233,-2.877
0.15,0.3,0.75,0.65,1.0,6034,11028,11028,3751,2204,5073,0.629891,-17377.2567,-2.877
0.15,0.45,0.75,0.5,0.5,6034,10186,10186,3741,4101,2344,0.477047,-17390.2717,-2.8792
0.3,0.45,0.9,0.2,0.65,6034,9461,9461,6384,2030,1047,0.758735,-17409.1233,-2.8823
0.15,0.6,0.9,0.5,1.0,6034,9076,9076,3942,1675,3459,0.701798,-17494.405,-2.8964
0.15,0.3,0.6,0.5,0.65,6034,11589,11589,4674,3632,3283,0.562726,-17496.83,-2.8968
0.15,0.45,0.6,0.3,0.5,6034,10747,10747,5717,3563,1467,0.616056,-17533.3183,-2.9029
0.15,0.6,0.75,0.3,0.65,6034,9538,9538,5376,2424,1738,0.689231,-17618.4417,-2.917
0.3,0.45,0.9,1.0,0.65,6034,9461,9461,1587,3471,4403,0.31376,-17658.2533,-2.9236
0.3,0.75,0.9,0.3,0.8,6034,8252,8252,4784,1685,1783,0.739527,-17677.7733,-2.9268
0.3,0.6,0.75,0.2,1.0,6034,9275,9275,6595,1116,1564,0.855272,-17694.7433,-2.9296
0.15,0.45,0.75,0.4,0.5,6034,10186,10186,4493,3810,1883,0.54113,-17724.4367,-2.9345
0.6,0.75,0.9,0.5,0.5,6034,6762,6762,2337,2708,1717,0.463231,-17763.3483,-2.941
0.15,0.3,0.6,0.2,0.8,6034,11589,11589,8174,1895,1520,0.811799,-17766.955,-2.9415
0.45,0.6,0.75,0.2,0.5,6034,8433,8433,5304,2320,809,0.695698,-17828.4517,-2.9517
0.6,0.75,0.9,0.4,0.5,6034,6762,6762,2804,2505,1453,0.52816,-17838.4917,-2.9534
0.6,0.75,0.9,0.3,0.8,6034,6762,6762,3817,1374,1571,0.735311,-17839.1833,-2.9535
0.45,0.6,0.9,0.5,0.4,6034,7971,7971,2538,3787,1646,0.401265,-17865.14,-2.9578
0.45,0.75,0.9,0.2,1.0,6034,7410,7410,5190,932,1288,0.847762,-17867.2317,-2.9582
0.15,0.6,0.9,0.65,1.0,6034,9076,9076,3053,1844,4179,0.623443,-17880.095,-2.9603
0.45,0.6,0.9,0.4,0.4,6034,7971,7971,3096,3542,1333,0.466406,-17894.5917,-2.9627
0.45,0.6,0.9,0.2,0.5,6034,7971,7971,4987,2226,758,0.691391,-17907.0333,-2.9647
0.3,0.6,0.9,1.0,1.0,6034,8813,8813,1708,2014,5091,0.458893,-17906.5567,-2.9647
0.45,0.75,0.9,0.3,0.5,6034,7410,7410,3804,2478,1128,0.60554,-17994.555,-2.9792
0.3,0.45,0.6,0.4,0.4,6034,10484,10484,4205,4681,1598,0.473216,-17999.295,-2.98
0.3,0.75,0.9,0.8,1.0,6034,8252,8252,2152,1826,4274,0.540975,-18004.8367,-2.9809
0.15,0.3,0.45,0.8,0.8,6034,12237,12237,3084,3410,5743,0.4749,-18004.9117,-2.9809
0.3,0.75,0.9,0.65,1.0,6034,8252,8252,2760,1712,3780,0.617174,-18009.3117,-2.9817
0.3,0.6,0.75,0.4,0.5,6034,9275,9275,3994,3442,1839,0.537117,-18040.6617,-2.9869
0.15,0.45,0.6,0.4,0.5,6034,10747,10747,4745,3999,2003,0.542658,-18042.5417,-2.9872
0.6,0.75,0.9,0.8,0.5,6034,6762,6762,1365,3025,2372,0.310934,-18055.9967,-2.9894
0.15,0.45,0.9,0.8,1.0,6034,9724,9724,2588,2085,5051,0.55382,-18079.1467,-2.9932
0.6,0.75,0.9,1.0,0.5,6034,6762,6762,1003,3116,2643,0.243506,-18100.5833,-2.9968
0.15,0.3,0.9,0.3,1.0,6034,10566,10566,6465,1574,2527,0.804205,-18152.2033,-3.0053
0.3,0.75,0.9,0.4,0.65,6034,8252,8252,3815,2428,2009,0.611084,-18153.8583,-3.0056
0.3,0.75,0.9,0.5,0.65,6034,8252,8252,3218,2619,2415,0.551311,-18172.4967,-3.0087
0.45,0.75,0.9,0.3,0.65,6034,7410,7410,4057,1921,1432,0.678655,-18188.105,-3.0113
0.15,0.3,0.45,0.65,0.65,6034,12237,12237,3758,4110,4369,0.477631,-18200.93,-3.0134
0.3,0.45,0.75,0.65,0.5,6034,9923,9923,2698,4259,2966,0.387811,-18255.28,-3.0224
0.6,0.75,0.9,0.65,0.5,6034,6762,6762,1761,2910,2091,0.377007,-18255.6867,-3.0225
0.45,0.6,0.9,1.0,0.4,6034,7971,7971,1027,4257,2687,0.19436,-18255.605,-3.0225
0.15,0.6,0.75,0.4,0.65,6034,9538,9538,4498,2754,2286,0.620243,-18323.11,-3.0336
0.3,0.6,0.9,0.3,0.65,6034,8813,8813,4909,2297,1607,0.681238,-18339.56,-3.0364
0.3,0.6,0.75,1.0,0.8,6034,9275,9275,1678,2739,4858,0.379896,-18353.3483,-3.0386
0.3,0.45,0.75,0.2,0.65,6034,9923,9923,6712,2104,1107,0.761343,-18374.26,-3.0421
0.15,0.3,0.9,0.5,0.8,6034,10566,10566,4482,2623,3461,0.630823,-18395.5,-3.0456
0.15,0.6,0.9,0.5,0.8,6034,9076,9076,3794,2274,3008,0.625247,-18426.78,-3.0508
0.15,0.45,0.75,0.3,0.65,6034,10186,10186,5765,2597,1824,0.689428,-18429.2233,-3.0512
0.45,0.75,0.9,0.2,0.8,6034,7410,7410,5055,1265,1090,0.799842,-18493.0283,-3.0618
0.45,0.6,0.75,0.8,0.4,6034,8433,8433,1534,4372,2527,0.259736,-18503.2767,-3.0635
0.3,0.75,0.9,0.3,1.0,6034,8252,8252,4928,1254,2070,0.797153,-18526.7267,-3.0673
0.3,0.45,0.9,0.8,0.65,6034,9461,9461,2183,3356,3922,0.394114,-18550.2017,-3.0712
0.15,0.3,0.6,0.3,0.65,6034,11589,11589,6617,2973,1999,0.68999,-18580.6783,-3.0763
0.3,0.45,0.9,0.5,0.5,6034,9461,9461,3406,3817,2238,0.471549,-18615.7983,-3.0821
0.15,0.6,0.75,0.65,1.0,6034,9538,9538,3179,1930,4429,0.622235,-18634.2883,-3.0851
0.15,0.45,0.75,0.65,0.65,6034,10186,10186,3066,3434,3686,0.471692,-18660.5483,-3.0895
0.45,0.6,0.9,0.3,0.5,6034,7971,7971,4084,2662,1225,0.605396,-18673.1233,-3.0916
0.15,0.45,0.75,1.0,1.0,6034,10186,10186,1982,2266,5938,0.466573,-18697.965,-3.0957
0.15,0.6,0.75,0.5,1.0,6034,9538,9538,4120,1748,3670,0.702113,-18714.9067,-3.0985
0.3,0.45,0.9,0.4,0.5,6034,9461,9461,4100,3574,1787,0.534272,-18804.3483,-3.1133
0.15,0.3,0.75,0.3,0.8,6034,11028,11028,6531,2222,2275,0.746144,-18836.3033,-3.1186
0.3,0.45,0.75,0.3,0.5,6034,9923,9923,5208,3318,1397,0.610837,-18851.5283,-3.1211
0.15,0.45,0.75,0.8,0.8,6034,10186,10186,2560,2898,4728,0.469036,-18855.01,-3.1217
0.15,0.6,0.9,0.4,1.0,6034,9076,9076,4633,1530,2913,0.751744,-18904.015,-3.1298
0.15,0.3,0.9,0.5,1.0,6034,10566,10566,4642,1944,3980,0.704828,-18916.105,-3.1318
0.45,0.6,0.75,1.0,0.4,6034,8433,8433,1094,4471,2868,0.196586,-18966.6033,-3.1402
0.15,0.3,0.6,0.4,0.65,6034,11589,11589,5556,3366,2667,0.62273,-18970.8233,-3.1409
0.15,0.6,0.75,0.3,0.8,6034,9538,9538,5564,1911,2063,0.744348,-18997.7133,-3.1453
0.15,0.3,0.9,0.4,0.8,6034,10566,10566,5298,2427,2841,0.685825,-19002.005,-3.146
0.3,0.6,0.9,0.65,0.65,6034,8813,8813,2632,3024,3157,0.465347,-19038.98,-3.1521
0.15,0.6,0.75,0.3,1.0,6034,9538,9538,5720,1388,2430,0.804727,-19072.2967,-3.1577
0.6,0.75,0.9,0.5,1.0,6034,6762,6762,2801,1297,2664,0.683504,-19127.3183,-3.1668
0.15,0.45,0.75,0.2,0.8,6034,10186,10186,7112,1688,1386,0.808182,-19132.0867,-3.1676
0.15,0.45,0.9,0.2,0.8,6034,9724,9724,6780,1633,1311,0.805896,-19139.5767,-3.1688
0.3,0.45,0.9,0.3,0.65,6034,9461,9461,5298,2470,1693,0.682029,-19150.3417,-3.1706
0.15,0.3,0.75,0.5,0.8,6034,11028,11028,4653,2731,3644,0.630146,-19175.74,-3.1748
0.15,0.6,0.9,0.65,0.8,6034,9076,9076,2911,2486,3679,0.539374,-19188.7283,-3.1769
0.15,0.6,0.75,0.5,0.8,6034,9538,9538,3965,2382,3191,0.624705,-19207.02,-3.18
0.6,0.75,0.9,0.65,1.0,6034,6762,6762,2188,1438,3136,0.60342,-19266.3433,-3.1898
0.15,0.45,0.75,0.4,0.65,6034,10186,10186,4808,2947,2431,0.619987,-19273.6817,-3.191
0.15,0.45,0.6,0.2,0.65,6034,10747,10747,7270,2268,1209,0.762214,-19278.59,-3.1918
0.15,0.45,0.6,1.0,0.8,6034,10747,10747,1953,3145,5649,0.383091,-19285.3417,-3.1929
0.6,0.75,0.9,0.5,0.65,6034,6762,6762,2538,2163,2061,0.539885,-19308.8683,-3.1968
0.6,0.75,0.9,0.8,0.65,6034,6762,6762,1520,2461,2781,0.381814,-19342.1317,-3.2023
0.15,0.3,0.45,0.3,0.65,6034,12237,12237,7006,3146,2085,0.69011,-19391.46,-3.2105
0.45,0.6,0.9,0.65,0.4,6034,7971,7971,1883,4026,2062,0.318666,-19401.4533,-3.2122
0.3,0.6,0.9,0.8,0.8,6034,8813,8813,2155,2515,4143,0.461456,-19404.4467,-3.2127
0.45,0.6,0.9,0.2,0.65,6034,7971,7971,5250,1729,992,0.752257,-19410.6383,-3.2137
0.15,0.45,0.75,0.5,0.65,6034,10186,10186,4025,3193,2968,0.557634,-19426.3367,-3.2163
0.3,0.45,0.6,0.65,0.5,6034,10484,10484,2833,4477,3174,0.387551,-19433.2567,-3.2174
0.15,0.6,0.9,0.4,0.8,6034,9076,9076,4483,2092,2501,0.681825,-19488.2483,-3.2265
0.45,0.6,0.75,0.5,0.4,6034,8433,8433,2678,3993,1762,0.401439,-19494.3983,-3.2275
0.6,0.75,0.9,0.65,0.65,6034,6762,6762,1940,2348,2474,0.452425,-19498.5983,-3.2282
0.6,0.75,0.9,1.0,0.65,6034,6762,6762,1130,2551,3081,0.306982,-19514.75,-3.2309
0.3,0.75,0.9,0.5,0.8,6034,8252,8252,3368,2073,2811,0.619004,-19514.34,-3.2309
0.15,0.45,0.9,0.3,0.8,6034,9724,9724,5725,1981,2018,0.742928,-19526.12,-3.2328
0.3,0.45,0.6,0.3,0.5,6034,10484,10484,5488,3502,1494,0.610456,-19530.0967,-3.2335
0.6,0.75,0.9,0.5,0.8,6034,6762,6762,2680,1724,2358,0.608538,-19545.62,-3.236
0.3,0.6,0.75,1.0,1.0,6034,9275,9275,1780,2098,5397,0.458999,-19556.4317,-3.2378
0.15,0.3,0.6,0.2,1.0,6034,11589,11589,8347,1393,1849,0.856982,-19578.8417,-3.2415
0.15,0.6,0.75,0.65,0.8,6034,9538,9538,3032,2613,3893,0.537112,-19595.3633,-3.2443
0.6,0.75,0.9,0.8,1.0,6034,6762,6762,1736,1533,3493,0.531049,-19603.08,-3.2455
0.6,0.75,0.9,0.4,0.65,6034,6762,6762,3015,1988,1759,0.602638,-19618.475,-3.2481
0.15,0.45,0.9,0.3,1.0,6034,9724,9724,5883,1463,2378,0.800844,-19621.4483,-3.2486
0.45,0.6,0.75,0.4,0.4,6034,8433,8433,3262,3733,1438,0.466333,-19622.9483,-3.2488
0.3,0.6,0.9,0.3,0.8,6034,8813,8813,5089,1795,1929,0.73925,-19652.67,-3.2538
0.3,0.6,0.9,0.5,0.65,6034,8813,8813,3421,2805,2587,0.54947,-19734.7967,-3.2674
0.15,0.45,0.9,0.2,1.0,6034,9724,9724,6942,1209,1573,0.851675,-19751.33,-3.2701
0.3,0.6,0.9,0.8,1.0,6034,8813,8813,2276,1920,4617,0.542421,-19789.7633,-3.2765
0.45,0.6,0.75,0.65,0.4,6034,8433,8433,1986,4240,2207,0.318985,-19822.8317,-3.2819
0.15,0.3,0.45,0.5,0.65,6034,12237,12237,4908,3835,3494,0.561363,-19852.265,-3.2868
0.3,0.45,0.75,0.2,0.8,6034,9923,9923,6893,1663,1367,0.805633,-19921.2717,-3.2982
0.15,0.3,0.45,0.4,0.65,6034,12237,12237,5866,3559,2812,0.622387,-19921.395,-3.2982
0.15,0.3,0.9,0.4,1.0,6034,10566,10566,5462,1786,3318,0.753587,-19926.9117,-3.2992
0.3,0.45,0.9,0.2,0.8,6034,9461,9461,6561,1608,1292,0.803158,-19928.7617,-3.2995
0.45,0.6,0.9,0.8,0.5,6034,7971,7971,1617,3542,2812,0.313433,-19978.7667,-3.3077
0.45,0.75,0.9,0.3,1.0,6034,7410,7410,4346,1143,1921,0.791765,-19995.9717,-3.3106
0.3,0.75,0.9,0.4,0.8,6034,8252,8252,3974,1922,2356,0.674016,-20009.475,-3.3128
0.6,0.75,0.9,0.4,1.0,6034,6762,6762,3284,1179,2299,0.735828,-20020.8017,-3.3147
0.45,0.75,0.9,0.3,0.8,6034,7410,7410,4210,1533,1667,0.733066,-20040.7133,-3.318
0.15,0.3,0.6,0.65,0.8,6034,11589,11589,3741,3118,4730,0.545415,-20117.7283,-3.3307
0.45,0.75,0.9,0.8,0.5,6034,7410,7410,1503,3338,2569,0.310473,-20125.5567,-3.332
0.15,0.3,0.75,0.5,1.0,6034,11028,11028,4820,2017,4191,0.704988,-20136.6067,-3.3339
0.15,0.45,0.75,0.2,1.0,6034,10186,10186,7278,1239,1669,0.854526,-20165.6867,-3.3387
0.45,0.6,0.9,0.3,0.65,6034,7971,7971,4348,2075,1548,0.676942,-20174.9617,-3.3402
0.6,0.75,0.9,0.65,0.8,6034,6762,6762,2066,1898,2798,0.521191,-20180.575,-3.3412
0.15,0.3,0.75,0.4,0.8,6034,11028,11028,5490,2531,3007,0.684453,-20197.0967,-3.3439
0.6,0.75,0.9,0.8,0.8,6034,6762,6762,1631,2003,3128,0.448817,-20254.545,-3.3534
0.3,0.6,0.9,0.4,0.65,6034,8813,8813,4073,2600,2140,0.61037,-20266.1883,-3.3553
0.3,0.45,0.75,1.0,0.65,6034,9923,9923,1653,3618,4652,0.313603,-20287.68,-3.3589
0.6,0.75,0.9,1.0,1.0,6034,6762,6762,1309,1617,3836,0.447368,-20300.0217,-3.3609
0.15,0.6,0.75,0.4,1.0,6034,9538,9538,4833,1597,3108,0.751633,-20306.4367,-3.362
0.3,0.45,0.6,0.5,0.5,6034,10484,10484,3755,4203,2526,0.471852,-20310.3483,-3.3626
0.15,0.3,0.75,0.3,1.0,6034,11028,11028,6708,1630,2690,0.804509,-20316.6933,-3.3637
0.3,0.45,0.9,0.2,1.0,6034,9461,9461,6724,1193,1544,0.849312,-20357.835,-3.3705
0.3,0.6,0.9,0.3,1.0,6034,8813,8813,5235,1338,2240,0.79644,-20372.5767,-3.3729
0.45,0.6,0.75,0.2,0.65,6034,8433,8433,5578,1803,1052,0.755724,-20375.775,-3.3735
0.15,0.45,0.6,1.0,1.0,6034,10747,10747,2061,2371,6315,0.465027,-20382.3367,-3.3746
0.45,0.6,0.75,0.3,0.5,6034,8433,8433,4297,2801,1335,0.605382,-20405.1917,-3.3783
0.15,0.45,0.6,0.3,0.65,6034,10747,10747,6056,2751,1940,0.687635,-20416.08,-3.3801
0.45,0.75,0.9,0.4,0.5,6034,7410,7410,3082,2802,1526,0.523793,-20455.9367,-3.3867
0.6,0.75,0.9,0.4,0.8,6034,6762,6762,3159,1587,2016,0.665613,-20495.7183,-3.3933
0.3,0.6,0.75,0.8,0.65,6034,9275,9275,2111,3312,3852,0.389268,-20523.7633,-3.398
0.3,0.45,0.75,0.5,0.5,6034,9923,9923,3552,4000,2371,0.470339,-20530.1867,-3.399
0.3,0.75,0.9,0.5,1.0,6034,8252,8252,3501,1566,3185,0.690941,-20549.0183,-3.4022
0.15,0.45,0.75,0.8,1.0,6034,10186,10186,2674,2185,5327,0.550319,-20561.2133,-3.4042
0.15,0.3,0.45,0.2,0.8,6034,12237,12237,8618,2031,1588,0.809278,-20567.82,-3.4053
0.45,0.75,0.9,0.4,0.65,6034,7410,7410,3325,2181,1904,0.603887,-20569.0467,-3.4055
0.3,0.45,0.9,1.0,0.8,6034,9461,9461,1684,2794,4983,0.376061,-20621.1933,-3.4141
0.3,0.6,0.75,0.65,0.65,6034,9275,9275,2746,3171,3358,0.464087,-20635.98,-3.4166
0.3,0.45,0.75,0.4,0.5,6034,9923,9923,4272,3739,1912,0.533267,-20658.1067,-3.4202
0.15,0.6,0.75,0.4,0.8,6034,9538,9538,4675,2196,2667,0.680396,-20683.34,-3.4244
0.3,0.6,0.9,0.65,0.8,6034,8813,8813,2775,2403,3635,0.535921,-20702.94,-3.4276
0.45,0.75,0.9,0.8,0.65,6034,7410,7410,1663,2669,3078,0.383887,-20717.845,-3.4301
0.15,0.3,0.6,0.65,1.0,6034,11589,11589,3902,2321,5366,0.627029,-20745.1983,-3.4346
0.15,0.3,0.45,0.8,1.0,6034,12237,12237,3214,2572,6451,0.555479,-20747.8967,-3.4351
0.3,0.45,0.75,0.2,1.0,6034,9923,9923,7060,1223,1640,0.852348,-20772.1917,-3.4391
0.45,0.6,0.9,0.4,0.5,6034,7971,7971,3334,2991,1646,0.527115,-20774.0417,-3.4394
0.45,0.75,0.9,0.65,0.5,6034,7410,7410,1935,3206,2269,0.376386,-20783.7117,-3.441
0.15,0.3,0.6,0.3,0.8,6034,11589,11589,6836,2332,2421,0.745637,-20811.2,-3.4456
0.45,0.6,0.9,0.2,1.0,6034,7971,7971,5553,1016,1402,0.845334,-20827.3817,-3.4482
0.6,0.75,0.9,1.0,0.8,6034,6762,6762,1216,2091,3455,0.367705,-20850.3217,-3.452
0.3,0.45,0.6,1.0,0.65,6034,10484,10484,1724,3802,4958,0.31198,-20912.9617,-3.4624
0.3,0.45,0.9,0.65,0.65,6034,9461,9461,2812,3219,3430,0.466258,-20955.295,-3.4694
0.3,0.6,0.75,0.3,0.65,6034,9275,9275,5132,2404,1739,0.680998,-20971.4433,-3.4721
0.3,0.45,0.6,0.4,0.5,6034,10484,10484,4524,3928,2032,0.535258,-20976.2117,-3.4729
0.15,0.45,0.6,0.5,0.65,6034,10747,10747,4228,3379,3140,0.555804,-20988.6367,-3.4749
0.45,0.6,0.9,0.5,0.5,6034,7971,7971,2755,3216,2000,0.461397,-21013.6217,-3.4791
0.3,0.75,0.9,0.4,1.0,6034,8252,8252,4113,1435,2704,0.741348,-21043.6983,-3.4841
0.3,0.6,0.75,0.65,0.8,6034,9275,9275,2896,2530,3849,0.533727,-21109.575,-3.495
0.15,0.3,0.6,0.5,0.8,6034,11589,11589,4867,2868,3854,0.629218,-21111.84,-3.4953
0.15,0.45,0.75,0.3,0.8,6034,10186,10186,5957,2070,2159,0.74212,-21199.2433,-3.5098
0.3,0.45,0.9,0.4,0.65,6034,9461,9461,4383,2793,2285,0.610786,-21216.76,-3.5127
0.15,0.45,0.6,0.8,0.8,6034,10747,10747,2674,3034,5039,0.468465,-21226.525,-3.5143
0.45,0.75,0.9,0.5,0.5,6034,7410,7410,2552,3013,1845,0.45858,-21233.46,-3.5155
0.45,0.6,0.75,0.2,1.0,6034,8433,8433,5889,1046,1498,0.849171,-21241.7383,-3.5168
0.3,0.6,0.75,0.8,0.8,6034,9275,9275,2240,2655,4380,0.45761,-21265.0117,-3.5207
0.3,0.6,0.75,0.3,0.8,6034,9275,9275,5321,1884,2070,0.738515,-21325.7933,-3.5308
0.15,0.3,0.75,0.4,1.0,6034,11028,11028,5662,1853,3513,0.753426,-21329.3333,-3.5313
0.3,0.45,0.9,0.8,0.8,6034,9461,9461,2311,2688,4462,0.462292,-21337.33,-3.5327
0.3,0.6,0.9,0.65,1.0,6034,8813,8813,2911,1829,4073,0.614135,-21377.2533,-3.5393
0.15,0.45,0.6,0.4,0.65,6034,10747,10747,5066,3119,2562,0.618937,-21386.0117,-3.5407
0.15,0.45,0.6,0.65,0.65,6034,10747,10747,3206,3628,3913,0.469125,-21414.6617,-3.5455
0.45,0.75,0.9,0.65,0.65,6034,7410,7410,2120,2543,2747,0.454643,-21414.9133,-3.5455
0.3,0.6,0.9,0.5,0.8,6034,8813,8813,3582,2210,3021,0.618439,-21450.44,-3.5514
0.3,0.45,0.6,0.2,0.65,6034,10484,10484,7045,2253,1186,0.75769,-21505.1067,-3.5604
0.45,0.6,0.9,0.8,0.65,6034,7971,7971,1787,2840,3344,0.386211,-21565.0117,-3.5704
0.45,0.75,0.9,0.5,0.65,6034,7410,7410,2772,2366,2272,0.53951,-21664.3033,-3.5868
0.45,0.75,0.9,1.0,0.5,6034,7410,7410,1077,3442,2891,0.238327,-21693.2383,-3.5916
0.45,0.6,0.75,0.2,0.8,6034,8433,8433,5740,1433,1260,0.800223,-21726.7817,-3.5971
0.45,0.6,0.9,0.2,0.8,6034,7971,7971,5408,1378,1185,0.796935,-21734.2717,-3.5984
0.45,0.6,0.9,1.0,0.5,6034,7971,7971,1139,3659,3173,0.237391,-21736.2583,-3.5987
0.3,0.45,0.75,0.3,0.65,6034,9923,9923,5521,2577,1825,0.681773,-21782.225,-3.6063
0.15,0.45,0.75,0.3,1.0,6034,10186,10186,6126,1519,2541,0.801308,-21785.9383,-3.6069
0.3,0.45,0.75,1.0,0.8,6034,9923,9923,1758,2917,5248,0.376043,-21790.695,-3.6077
0.3,0.6,0.75,0.5,0.65,6034,9275,9275,3585,2934,2756,0.549931,-21820.4033,-3.6126
0.45,0.6,0.9,0.3,1.0,6034,7971,7971,4653,1227,2091,0.791327,-21841.8217,-3.6162
0.15,0.3,0.6,0.5,1.0,6034,11589,11589,5042,2118,4429,0.70419,-21853.1017,-3.6181
0.3,0.45,0.9,0.3,0.8,6034,9461,9461,5482,1954,2025,0.737224,-21854.2,-3.6182
0.3,0.45,0.75,0.8,0.65,6034,9923,9923,2254,3520,4149,0.390371,-21899.4767,-3.6257
0.45,0.6,0.9,0.65,0.5,6034,7971,7971,2070,3424,2477,0.376775,-21961.6883,-3.636
0.45,0.6,0.9,0.3,0.8,6034,7971,7971,4515,1643,1813,0.733193,-22015.61,-3.645
0.3,0.45,0.9,0.5,0.65,6034,9461,9461,3655,3008,2798,0.548552,-22090.2317,-3.6573
0.15,0.45,0.9,0.4,0.8,6034,9724,9724,4798,2267,2659,0.679122,-22093.55,-3.6579
0.3,0.6,0.9,0.4,0.8,6034,8813,8813,4244,2044,2525,0.674936,-22128.65,-3.6637
0.3,0.6,0.75,0.65,1.0,6034,9275,9275,3037,1915,4323,0.613288,-22131.4467,-3.6641
0.15,0.3,0.6,0.3,1.0,6034,11589,11589,7015,1714,2860,0.803643,-22162.5433,-3.6693
0.45,0.75,0.9,0.8,0.8,6034,7410,7410,1787,2176,3447,0.450921,-22187.4283,-3.6734
0.15,0.45,0.9,0.4,1.0,6034,9724,9724,4960,1671,3093,0.748002,-22188.7817,-3.6736
0.15,0.45,0.9,0.65,0.8,6034,9724,9724,3101,2651,3972,0.539117,-22204.405,-3.6762
0.3,0.6,0.75,0.5,0.8,6034,9275,9275,3753,2318,3204,0.618185,-22230.68,-3.6806
0.3,0.6,0.9,0.5,1.0,6034,8813,8813,3723,1667,3423,0.690724,-22265.5133,-3.6863
0.3,0.6,0.75,0.8,1.0,6034,9275,9275,2362,2020,4893,0.539023,-22271.83,-3.6874
0.15,0.3,0.6,0.4,0.8,6034,11589,11589,5760,2653,3176,0.684655,-22316.2717,-3.6947
0.15,0.45,0.6,0.8,1.0,6034,10747,10747,2798,2279,5670,0.551113,-22346.14,-3.6997
0.15,0.45,0.6,0.2,0.8,6034,10747,10747,7465,1801,1481,0.805633,-22373.33,-3.7042
0.15,0.45,0.9,0.5,1.0,6034,9724,9724,4186,1827,3711,0.696158,-22374.9933,-3.7045
0.15,0.45,0.9,0.5,0.8,6034,9724,9724,4031,2458,3235,0.621205,-22427.6633,-3.7132
0.45,0.6,0.75,0.8,0.5,6034,8433,8433,1683,3748,3002,0.309888,-22467.68,-3.7198
0.3,0.6,0.75,0.3,1.0,6034,9275,9275,5478,1394,2403,0.797148,-22537.0667,-3.7313
0.3,0.45,0.75,0.65,0.65,6034,9923,9923,2926,3366,3631,0.465035,-22552.295,-3.7338
0.3,0.6,0.75,0.4,0.65,6034,9275,9275,4259,2722,2294,0.610085,-22578.6483,-3.7382
0.15,0.45,0.75,0.65,0.8,6034,10186,10186,3222,2778,4186,0.537,-22611.04,-3.7435
0.45,0.6,0.75,0.4,0.5,6034,8433,8433,3506,3156,1771,0.526268,-22627.8,-3.7463
0.45,0.75,0.9,1.0,0.65,6034,7410,7410,1202,2768,3440,0.302771,-22639.4583,-3.7483
0.15,0.3,0.45,0.2,1.0,6034,12237,12237,8812,1500,1925,0.854538,-22656.29,-3.751
0.45,0.6,0.9,0.4,0.65,6034,7971,7971,3583,2353,2035,0.603605,-22681.3767,-3.7552
0.3,0.45,0.6,0.8,0.65,6034,10484,10484,2378,3691,4415,0.391827,-22746.6433,-3.766
0.15,0.45,0.9,0.65,1.0,6034,9724,9724,3235,1985,4504,0.619732,-22764.5033,-3.769
0.45,0.6,0.75,0.3,0.65,6034,8433,8433,4571,2182,1680,0.676884,-22806.845,-3.776
0.45,0.6,0.75,0.5,0.5,6034,8433,8433,2901,3399,2133,0.460476,-22928.01,-3.796
0.15,0.3,0.45,0.3,0.8,6034,12237,12237,7229,2491,2517,0.743724,-23012.73,-3.8101
0.45,0.6,0.75,1.0,0.5,6034,8433,8433,1206,3847,3380,0.23867,-23064.695,-3.8187
0.3,0.45,0.9,0.3,1.0,6034,9461,9461,5641,1469,2351,0.79339,-23086.2183,-3.8222
0.3,0.6,0.9,0.4,1.0,6034,8813,8813,4387,1532,2894,0.741172,-23096.7667,-3.824
0.45,0.75,0.9,0.4,0.8,6034,7410,7410,3474,1762,2174,0.663484,-23101.02,-3.8247
0.15,0.45,0.6,0.2,1.0,6034,10747,10747,7641,1323,1783,0.85241,-23125.8367,-3.8288
0.15,0.3,0.45,0.65,0.8,6034,12237,12237,3931,3283,5023,0.544913,-23133.405,-3.83
0.3,0.45,0.6,0.2,0.8,6034,10484,10484,7246,1776,1462,0.803148,-23162.515,-3.8349
0.15,0.45,0.6,0.3,0.8,6034,10747,10747,6262,2180,2305,0.741767,-23174.14,-3.8368
0.45,0.6,0.75,0.65,0.5,6034,8433,8433,2169,3621,2643,0.374611,-23186.3083,-3.8388
0.45,0.75,0.9,0.65,0.8,6034,7410,7410,2256,2063,3091,0.522343,-23196.2517,-3.8404
0.3,0.45,0.75,0.8,0.8,6034,9923,9923,2396,2828,4699,0.458652,-23197.895,-3.8407
0.15,0.45,0.75,0.5,0.8,6034,10186,10186,4202,2566,3418,0.620863,-23207.9033,-3.8424
0.45,0.6,0.9,0.5,0.65,6034,7971,7971,2975,2552,2444,0.538267,-23226.6033,-3.8455
0.45,0.6,0.9,1.0,0.65,6034,7971,7971,1273,2952,3746,0.301302,-23264.74,-3.8518
0.15,0.45,0.75,0.4,0.8,6034,10186,10186,4990,2371,2825,0.677897,-23288.6417,-3.8557
0.45,0.75,0.9,0.4,1.0,6034,7410,7410,3611,1320,2479,0.732306,-23305.5683,-3.8585
0.3,0.6,0.75,0.4,0.8,6034,9275,9275,4436,2148,2691,0.673755,-23323.7417,-3.8615
0.15,0.3,0.6,0.4,1.0,6034,11589,11589,5936,1950,3703,0.752726,-23382.4017,-3.8713
0.3,0.45,0.9,1.0,1.0,6034,9461,9461,1780,2168,5513,0.450861,-23411.475,-3.8761
0.3,0.6,0.75,0.5,1.0,6034,9275,9275,3901,1740,3634,0.691544,-23486.015,-3.8884
0.15,0.45,0.75,0.65,1.0,6034,10186,10186,3361,2071,4754,0.618741,-23518.6967,-3.8938
0.3,0.45,0.75,0.3,0.8,6034,9923,9923,5714,2043,2166,0.736625,-23527.3233,-3.8953
0.3,0.45,0.75,0.4,0.65,6034,9923,9923,4569,2915,2439,0.610502,-23529.22,-3.8956
0.45,0.75,0.9,0.5,0.8,6034,7410,7410,2917,1908,2585,0.60456,-23546.5033,-3.8984
0.15,0.45,0.75,0.4,1.0,6034,10186,10186,5160,1738,3288,0.748043,-23591.2033,-3.9058
0.15,0.45,0.75,0.5,1.0,6034,10186,10186,4364,1900,3922,0.696679,-23595.495,-3.9065
0.15,0.45,0.6,0.3,1.0,6034,10747,10747,6433,1603,2711,0.800523,-23631.7883,-3.9125
0.45,0.6,0.75,0.3,0.8,6034,8433,8433,4747,1732,1954,0.732675,-23688.7333,-3.922
0.45,0.75,0.9,0.8,1.0,6034,7410,7410,1884,1688,3838,0.527436,-23716.3333,-3.9265
0.3,0.45,0.9,0.65,0.8,6034,9461,9461,2965,2568,3928,0.535876,-23718.6167,-3.9269
0.3,0.45,0.6,0.2,1.0,6034,10484,10484,7423,1307,1754,0.850286,-23732.3417,-3.9292
0.3,0.45,0.6,0.3,0.65,6034,10484,10484,5812,2731,1941,0.680323,-23769.0817,-3.9353
0.3,0.45,0.9,0.8,1.0,6034,9461,9461,2424,2075,4962,0.538786,-23903.0167,-3.9575
0.3,0.45,0.6,1.0,0.8,6034,10484,10484,1824,3067,5593,0.37293,-23958.6033,-3.9667
0.45,0.6,0.75,0.3,1.0,6034,8433,8433,4896,1283,2254,0.792361,-24006.3117,-3.9746
0.45,0.75,0.9,0.5,1.0,6034,7410,7410,3045,1449,2916,0.67757,-24007.9067,-3.9748
0.3,0.45,0.75,0.65,0.8,6034,9923,9923,3086,2695,4142,0.533818,-24125.2517,-3.9942
0.45,0.75,0.9,0.65,1.0,6034,7410,7410,2370,1579,3461,0.600152,-24150.7517,-3.9985
0.45,0.6,0.9,0.65,0.65,6034,7971,7971,2260,2737,2974,0.452271,-24169.0267,-4.0015
0.3,0.45,0.75,0.5,0.65,6034,9923,9923,3819,3137,2967,0.549022,-24175.8383,-4.0026
0.45,0.75,0.9,1.0,0.8,6034,7410,7410,1296,2269,3845,0.363534,-24287.6683,-4.0211
0.3,0.6,0.75,0.4,1.0,6034,9275,9275,4587,1599,3089,0.741513,-24499.1883,-4.0562
0.45,0.6,0.9,0.8,0.8,6034,7971,7971,1901,2312,3758,0.451222,-24558.9433,-4.0661
0.3,0.45,0.9,0.4,0.8,6034,9461,9461,4559,2219,2683,0.672617,-24733.9517,-4.095
0.15,0.3,0.45,0.3,1.0,6034,12237,12237,7421,1845,2971,0.800885,-24876.185,-4.1186
0.45,0.6,0.75,0.8,0.65,6034,8433,8433,1858,3004,3571,0.382147,-24914.2867,-4.1249
0.15,0.3,0.45,0.4,0.8,6034,12237,12237,6075,2828,3334,0.682354,-24921.5733,-4.1261
0.45,0.6,0.75,0.4,0.65,6034,8433,8433,3769,2475,2189,0.603619,-24993.8367,-4.1381
0.3,0.45,0.75,1.0,1.0,6034,9923,9923,1852,2252,5819,0.451267,-25061.35,-4.1492
0.15,0.3,0.45,0.5,0.8,6034,12237,12237,5104,3052,4081,0.625797,-25112.7233,-4.1577
0.15,0.45,0.6,0.5,0.8,6034,10747,10747,4416,2703,3628,0.620312,-25144.0033,-4.1629
0.45,0.6,0.9,0.4,0.8,6034,7971,7971,3744,1884,2343,0.665245,-25220.195,-4.1755
0.3,0.45,0.75,0.3,1.0,6034,9923,9923,5884,1525,2514,0.794169,-25250.7083,-4.1806
0.3,0.45,0.6,0.65,0.65,6034,10484,10484,3066,3560,3858,0.462723,-25306.4083,-4.1898
0.15,0.45,0.6,0.5,1.0,6034,10747,10747,4586,2001,4160,0.69622,-25311.99,-4.1907
0.45,0.6,0.75,0.5,0.65,6034,8433,8433,3139,2681,2613,0.539347,-25312.21,-4.1908
0.45,0.6,0.9,0.4,1.0,6034,7971,7971,3885,1417,2669,0.732742,-25358.6367,-4.1984
0.15,0.45,0.6,0.4,0.8,6034,10747,10747,5260,2493,2994,0.678447,-25407.8167,-4.2066
0.3,0.45,0.9,0.5,0.8,6034,9461,9461,3819,2394,3248,0.614679,-25451.3233,-4.2138
0.45,0.6,0.9,0.5,0.8,6034,7971,7971,3131,2045,2795,0.604907,-25482.6033,-4.219
0.45,0.6,0.9,0.8,1.0,6034,7971,7971,2008,1782,4181,0.529815,-25501.26,-4.2221
0.3,0.45,0.6,0.3,0.8,6034,10484,10484,6019,2153,2312,0.736539,-25502.22,-4.2222
0.3,0.45,0.6,0.8,0.8,6034,10484,10484,2510,2964,5010,0.458531,-25569.41,-4.2333
0.15,0.3,0.45,0.65,1.0,6034,12237,12237,4084,2462,5691,0.623892,-25629.6067,-4.2433
0.3,0.45,0.6,0.4,0.65,6034,10484,10484,4827,3087,2570,0.609932,-25641.55,-4.2453
0.15,0.45,0.6,0.4,1.0,6034,10747,10747,5434,1835,3478,0.747558,-25644.2717,-4.2457
0.45,0.6,0.9,0.5,1.0,6034,7971,7971,3267,1550,3154,0.678223,-25724.4017,-4.259
0.3,0.45,0.6,0.5,0.65,6034,10484,10484,4022,3323,3139,0.547583,-25738.1383,-4.2613
0.45,0.6,0.75,0.65,0.65,6034,8433,8433,2374,2884,3175,0.451502,-25766.0267,-4.2659
0.45,0.75,0.9,1.0,1.0,6034,7410,7410,1381,1771,4258,0.438135,-25804.94,-4.2723
0.45,0.6,0.75,1.0,0.65,6034,8433,8433,1339,3099,3995,0.301712,-25894.1667,-4.2871
0.3,0.45,0.75,0.4,0.8,6034,9923,9923,4751,2323,2849,0.671614,-25929.0433,-4.2929
0.15,0.45,0.6,0.65,0.8,6034,10747,10747,3363,2931,4453,0.534318,-26186.695,-4.3355
0.3,0.45,0.75,0.5,0.8,6034,9923,9923,3990,2502,3431,0.614603,-26231.5633,-4.343
0.3,0.45,0.9,0.65,1.0,6034,9461,9461,3093,1970,4398,0.610903,-26261.6617,-4.348
0.45,0.6,0.75,0.5,0.8,6034,8433,8433,3302,2153,2978,0.605316,-26262.8433,-4.3482
0.3,0.45,0.9,0.4,1.0,6034,9461,9461,4714,1673,3074,0.738062,-26381.5333,-4.3678
0.3,0.45,0.75,0.8,1.0,6034,9923,9923,2510,2175,5238,0.535752,-26385.0833,-4.3684
0.45,0.6,0.75,0.4,0.8,6034,8433,8433,3936,1988,2509,0.664416,-26415.2867,-4.3734
0.45,0.6,0.75,0.8,0.8,6034,8433,8433,1986,2452,3995,0.447499,-26419.5083,-4.3741
0.45,0.6,0.9,1.0,0.8,6034,7971,7971,1362,2419,4190,0.360222,-26455.5767,-4.3801
0.15,0.3,0.45,0.4,1.0,6034,12237,12237,6263,2091,3883,0.749701,-26667.1683,-4.4151
0.15,0.3,0.45,0.5,1.0,6034,12237,12237,5286,2270,4681,0.699576,-26733.69,-4.4261
0.3,0.45,0.6,1.0,1.0,6034,10484,10484,1931,2357,6196,0.450326,-26745.7217,-4.4281
0.45,0.6,0.75,0.4,1.0,6034,8433,8433,4085,1484,2864,0.733525,-26761.0583,-4.4306
0.45,0.6,0.9,0.65,0.8,6034,7971,7971,2397,2216,3358,0.519618,-26771.9067,-4.4324
0.15,0.45,0.6,0.65,1.0,6034,10747,10747,3512,2188,5047,0.61614,-26886.6383,-4.4514
0.45,0.6,0.75,0.5,1.0,6034,8433,8433,3445,1623,3365,0.679755,-26944.9033,-4.4611
0.3,0.45,0.75,0.65,1.0,6034,9923,9923,3219,2056,4648,0.610237,-27015.855,-4.4728
0.3,0.45,0.6,0.3,1.0,6034,10484,10484,6191,1609,2684,0.793718,-27096.5583,-4.4862
0.3,0.45,0.9,0.5,1.0,6034,9461,9461,3967,1819,3675,0.68562,-27146.1017,-4.4944
0.45,0.6,0.75,0.65,0.8,6034,8433,8433,2518,2343,3572,0.518,-27178.5417,-4.4998
0.45,0.6,0.9,1.0,1.0,6034,7971,7971,1460,1876,4635,0.43765,-27489.3117,-4.5512
0.45,0.6,0.9,0.65,1.0,6034,7971,7971,2521,1696,3754,0.597818,-27518.6933,-4.5561
0.45,0.6,0.75,1.0,0.8,6034,8433,8433,1436,2542,4455,0.360985,-27625.0783,-4.5737
0.3,0.45,0.6,0.65,0.8,6034,10484,10484,3227,2848,4409,0.531193,-27700.9067,-4.5862
0.3,0.45,0.75,0.4,1.0,6034,9923,9923,4914,1740,3269,0.738503,-27783.955,-4.6
0.45,0.6,0.75,0.8,1.0,6034,8433,8433,2094,1882,4457,0.52666,-27983.3267,-4.633
0.3,0.45,0.6,0.4,0.8,6034,10484,10484,5021,2445,3018,0.672515,-28048.2183,-4.6437
0.3,0.45,0.6,0.5,0.8,6034,10484,10484,4204,2639,3641,0.61435,-28167.6633,-4.6635
0.3,0.45,0.6,0.8,1.0,6034,10484,10484,2634,2269,5581,0.537222,-28170.01,-4.6639
0.45,0.6,0.75,0.65,1.0,6034,8433,8433,2647,1782,4004,0.597652,-28272.8867,-4.6809
0.3,0.45,0.75,0.5,1.0,6034,9923,9923,4145,1892,3886,0.686599,-28366.6033,-4.6965
0.45,0.6,0.75,1.0,1.0,6034,8433,8433,1532,1960,4941,0.438717,-29139.1867,-4.8244
0.3,0.45,0.6,0.4,1.0,6034,10484,10484,5188,1837,3459,0.738505,-29837.0233,-4.9399
0.3,0.45,0.6,0.5,1.0,6034,10484,10484,4367,1993,4124,0.686635,-30083.0983,-4.9806
0.3,0.45,0.6,0.65,1.0,6034,10484,10484,3370,2173,4941,0.607974,-30383.7967,-5.0304
