entry_below_yh_pips,buy_tp_above_yh_pips,sell_buy_ratio,buy_size,sell_size,trade_days,filled_days,filled_day_rate,buy_wins,buy_losses,sell_wins,sell_losses,sell_time_exits,weighted_buy_pips,weighted_sell_pips,weighted_total_pips,cal_ppd_weighted
50,150,1.0,100.0,100.0,7051,3269,0.463622,1075,2184,1565,1694,3246,1179710.0,-217570.0,962140.0,136.4544
50,150,1.1,100.0,110.0,7051,3269,0.463622,1075,2184,1565,1694,3246,1179710.0,-239327.0,940383.0,133.3687
50,125,1.0,100.0,100.0,7051,3269,0.463622,1075,2184,1565,1694,3246,1138410.0,-217570.0,920840.0,130.5971
50,150,1.2,100.0,120.0,7051,3269,0.463622,1075,2184,1565,1694,3246,1179710.0,-261084.0,918626.0,130.2831
50,30,1.0,100.0,100.0,7051,3269,0.463622,1127,2132,1565,1694,3246,1135660.0,-217570.0,918090.0,130.2071
50,150,1.27,100.0,127.0,7051,3269,0.463622,1075,2184,1565,1694,3246,1179710.0,-276313.9,903396.1,128.1231
50,20,1.0,100.0,100.0,7051,3269,0.463622,1153,2106,1565,1694,3246,1118840.0,-217570.0,901270.0,127.8216
50,125,1.1,100.0,110.0,7051,3269,0.463622,1075,2184,1565,1694,3246,1138410.0,-239327.0,899083.0,127.5114
50,150,1.3,100.0,130.0,7051,3269,0.463622,1075,2184,1565,1694,3246,1179710.0,-282841.0,896869.0,127.1974
50,30,1.1,100.0,110.0,7051,3269,0.463622,1127,2132,1565,1694,3246,1135660.0,-239327.0,896333.0,127.1214
50,100,1.0,100.0,100.0,7051,3269,0.463622,1076,2183,1565,1694,3246,1101690.0,-217570.0,884120.0,125.3893
50,20,1.1,100.0,110.0,7051,3269,0.463622,1153,2106,1565,1694,3246,1118840.0,-239327.0,879513.0,124.7359
50,125,1.2,100.0,120.0,7051,3269,0.463622,1075,2184,1565,1694,3246,1138410.0,-261084.0,877326.0,124.4258
50,150,1.4,100.0,140.0,7051,3269,0.463622,1075,2184,1565,1694,3246,1179710.0,-304598.0,875112.0,124.1118
50,30,1.2,100.0,120.0,7051,3269,0.463622,1127,2132,1565,1694,3246,1135660.0,-261084.0,874576.0,124.0357
50,40,1.0,100.0,100.0,7051,3269,0.463622,1109,2150,1565,1694,3246,1091490.0,-217570.0,873920.0,123.9427
50,100,1.1,100.0,110.0,7051,3269,0.463622,1076,2183,1565,1694,3246,1101690.0,-239327.0,862363.0,122.3036
50,125,1.27,100.0,127.0,7051,3269,0.463622,1075,2184,1565,1694,3246,1138410.0,-276313.9,862096.1,122.2658
50,30,1.27,100.0,127.0,7051,3269,0.463622,1127,2132,1565,1694,3246,1135660.0,-276313.9,859346.1,121.8758
50,20,1.2,100.0,120.0,7051,3269,0.463622,1153,2106,1565,1694,3246,1118840.0,-261084.0,857756.0,121.6503
50,125,1.3,100.0,130.0,7051,3269,0.463622,1075,2184,1565,1694,3246,1138410.0,-282841.0,855569.0,121.3401
50,150,1.5,100.0,150.0,7051,3269,0.463622,1075,2184,1565,1694,3246,1179710.0,-326355.0,853355.0,121.0261
50,30,1.3,100.0,130.0,7051,3269,0.463622,1127,2132,1565,1694,3246,1135660.0,-282841.0,852819.0,120.9501
50,40,1.1,100.0,110.0,7051,3269,0.463622,1109,2150,1565,1694,3246,1091490.0,-239327.0,852163.0,120.857
50,75,1.0,100.0,100.0,7051,3269,0.463622,1081,2178,1565,1694,3246,1060270.0,-217570.0,842700.0,119.515
50,20,1.27,100.0,127.0,7051,3269,0.463622,1153,2106,1565,1694,3246,1118840.0,-276313.9,842526.1,119.4903
50,50,1.0,100.0,100.0,7051,3269,0.463622,1100,2159,1565,1694,3246,1058910.0,-217570.0,841340.0,119.3221
50,100,1.2,100.0,120.0,7051,3269,0.463622,1076,2183,1565,1694,3246,1101690.0,-261084.0,840606.0,119.218
50,20,1.3,100.0,130.0,7051,3269,0.463622,1153,2106,1565,1694,3246,1118840.0,-282841.0,835999.0,118.5646
50,125,1.4,100.0,140.0,7051,3269,0.463622,1075,2184,1565,1694,3246,1138410.0,-304598.0,833812.0,118.2544
50,150,1.6,100.0,160.0,7051,3269,0.463622,1075,2184,1565,1694,3246,1179710.0,-348112.0,831598.0,117.9404
50,30,1.4,100.0,140.0,7051,3269,0.463622,1127,2132,1565,1694,3246,1135660.0,-304598.0,831062.0,117.8644
50,40,1.2,100.0,120.0,7051,3269,0.463622,1109,2150,1565,1694,3246,1091490.0,-261084.0,830406.0,117.7714
50,100,1.27,100.0,127.0,7051,3269,0.463622,1076,2183,1565,1694,3246,1101690.0,-276313.9,825376.1,117.058
50,75,1.1,100.0,110.0,7051,3269,0.463622,1081,2178,1565,1694,3246,1060270.0,-239327.0,820943.0,116.4293
50,50,1.1,100.0,110.0,7051,3269,0.463622,1100,2159,1565,1694,3246,1058910.0,-239327.0,819583.0,116.2364
50,100,1.3,100.0,130.0,7051,3269,0.463622,1076,2183,1565,1694,3246,1101690.0,-282841.0,818849.0,116.1323
50,40,1.27,100.0,127.0,7051,3269,0.463622,1109,2150,1565,1694,3246,1091490.0,-276313.9,815176.1,115.6114
50,20,1.4,100.0,140.0,7051,3269,0.463622,1153,2106,1565,1694,3246,1118840.0,-304598.0,814242.0,115.4789
50,125,1.5,100.0,150.0,7051,3269,0.463622,1075,2184,1565,1694,3246,1138410.0,-326355.0,812055.0,115.1688
50,30,1.5,100.0,150.0,7051,3269,0.463622,1127,2132,1565,1694,3246,1135660.0,-326355.0,809305.0,114.7788
50,40,1.3,100.0,130.0,7051,3269,0.463622,1109,2150,1565,1694,3246,1091490.0,-282841.0,808649.0,114.6857
50,75,1.2,100.0,120.0,7051,3269,0.463622,1081,2178,1565,1694,3246,1060270.0,-261084.0,799186.0,113.3436
50,50,1.2,100.0,120.0,7051,3269,0.463622,1100,2159,1565,1694,3246,1058910.0,-261084.0,797826.0,113.1508
50,100,1.4,100.0,140.0,7051,3269,0.463622,1076,2183,1565,1694,3246,1101690.0,-304598.0,797092.0,113.0467
50,20,1.5,100.0,150.0,7051,3269,0.463622,1153,2106,1565,1694,3246,1118840.0,-326355.0,792485.0,112.3933
50,125,1.6,100.0,160.0,7051,3269,0.463622,1075,2184,1565,1694,3246,1138410.0,-348112.0,790298.0,112.0831
50,30,1.6,100.0,160.0,7051,3269,0.463622,1127,2132,1565,1694,3246,1135660.0,-348112.0,787548.0,111.6931
50,40,1.4,100.0,140.0,7051,3269,0.463622,1109,2150,1565,1694,3246,1091490.0,-304598.0,786892.0,111.6001
50,75,1.27,100.0,127.0,7051,3269,0.463622,1081,2178,1565,1694,3246,1060270.0,-276313.9,783956.1,111.1837
50,50,1.27,100.0,127.0,7051,3269,0.463622,1100,2159,1565,1694,3246,1058910.0,-276313.9,782596.1,110.9908
50,75,1.3,100.0,130.0,7051,3269,0.463622,1081,2178,1565,1694,3246,1060270.0,-282841.0,777429.0,110.258
50,10,1.0,100.0,100.0,7051,3269,0.463622,1185,2074,1565,1694,3246,994420.0,-217570.0,776850.0,110.1759
50,50,1.3,100.0,130.0,7051,3269,0.463622,1100,2159,1565,1694,3246,1058910.0,-282841.0,776069.0,110.0651
50,100,1.5,100.0,150.0,7051,3269,0.463622,1076,2183,1565,1694,3246,1101690.0,-326355.0,775335.0,109.961
50,20,1.6,100.0,160.0,7051,3269,0.463622,1153,2106,1565,1694,3246,1118840.0,-348112.0,770728.0,109.3076
50,40,1.5,100.0,150.0,7051,3269,0.463622,1109,2150,1565,1694,3246,1091490.0,-326355.0,765135.0,108.5144
50,75,1.4,100.0,140.0,7051,3269,0.463622,1081,2178,1565,1694,3246,1060270.0,-304598.0,755672.0,107.1723
50,10,1.1,100.0,110.0,7051,3269,0.463622,1185,2074,1565,1694,3246,994420.0,-239327.0,755093.0,107.0902
50,50,1.4,100.0,140.0,7051,3269,0.463622,1100,2159,1565,1694,3246,1058910.0,-304598.0,754312.0,106.9794
50,100,1.6,100.0,160.0,7051,3269,0.463622,1076,2183,1565,1694,3246,1101690.0,-348112.0,753578.0,106.8753
50,40,1.6,100.0,160.0,7051,3269,0.463622,1109,2150,1565,1694,3246,1091490.0,-348112.0,743378.0,105.4287
50,75,1.5,100.0,150.0,7051,3269,0.463622,1081,2178,1565,1694,3246,1060270.0,-326355.0,733915.0,104.0867
50,10,1.2,100.0,120.0,7051,3269,0.463622,1185,2074,1565,1694,3246,994420.0,-261084.0,733336.0,104.0045
50,50,1.5,100.0,150.0,7051,3269,0.463622,1100,2159,1565,1694,3246,1058910.0,-326355.0,732555.0,103.8938
50,10,1.27,100.0,127.0,7051,3269,0.463622,1185,2074,1565,1694,3246,994420.0,-276313.9,718106.1,101.8446
50,75,1.6,100.0,160.0,7051,3269,0.463622,1081,2178,1565,1694,3246,1060270.0,-348112.0,712158.0,101.001
50,10,1.3,100.0,130.0,7051,3269,0.463622,1185,2074,1565,1694,3246,994420.0,-282841.0,711579.0,100.9189
50,50,1.6,100.0,160.0,7051,3269,0.463622,1100,2159,1565,1694,3246,1058910.0,-348112.0,710798.0,100.8081
50,10,1.4,100.0,140.0,7051,3269,0.463622,1185,2074,1565,1694,3246,994420.0,-304598.0,689822.0,97.8332
50,10,1.5,100.0,150.0,7051,3269,0.463622,1185,2074,1565,1694,3246,994420.0,-326355.0,668065.0,94.7476
50,10,1.6,100.0,160.0,7051,3269,0.463622,1185,2074,1565,1694,3246,994420.0,-348112.0,646308.0,91.6619
40,150,1.0,100.0,100.0,7051,3507,0.497376,1222,2269,1669,1822,3477,848970.0,-277080.0,571890.0,81.1076
40,150,1.1,100.0,110.0,7051,3507,0.497376,1222,2269,1669,1822,3477,848970.0,-304788.0,544182.0,77.178
50,0,1.0,100.0,100.0,7051,3269,0.463622,1224,2035,1565,1694,3246,740310.0,-217570.0,522740.0,74.137
40,125,1.0,100.0,100.0,7051,3507,0.497376,1222,2269,1669,1822,3477,799280.0,-277080.0,522200.0,74.0604
40,150,1.2,100.0,120.0,7051,3507,0.497376,1222,2269,1669,1822,3477,848970.0,-332496.0,516474.0,73.2483
50,0,1.1,100.0,110.0,7051,3269,0.463622,1224,2035,1565,1694,3246,740310.0,-239327.0,500983.0,71.0513
40,150,1.27,100.0,127.0,7051,3507,0.497376,1222,2269,1669,1822,3477,848970.0,-351891.6,497078.4,70.4976
40,125,1.1,100.0,110.0,7051,3507,0.497376,1222,2269,1669,1822,3477,799280.0,-304788.0,494492.0,70.1308
40,150,1.3,100.0,130.0,7051,3507,0.497376,1222,2269,1669,1822,3477,848970.0,-360204.0,488766.0,69.3187
40,100,1.0,100.0,100.0,7051,3507,0.497376,1224,2267,1669,1822,3477,764280.0,-277080.0,487200.0,69.0966
50,0,1.2,100.0,120.0,7051,3269,0.463622,1224,2035,1565,1694,3246,740310.0,-261084.0,479226.0,67.9657
40,125,1.2,100.0,120.0,7051,3507,0.497376,1222,2269,1669,1822,3477,799280.0,-332496.0,466784.0,66.2011
50,0,1.27,100.0,127.0,7051,3269,0.463622,1224,2035,1565,1694,3246,740310.0,-276313.9,463996.1,65.8057
40,150,1.4,100.0,140.0,7051,3507,0.497376,1222,2269,1669,1822,3477,848970.0,-387912.0,461058.0,65.389
40,100,1.1,100.0,110.0,7051,3507,0.497376,1224,2267,1669,1822,3477,764280.0,-304788.0,459492.0,65.1669
50,0,1.3,100.0,130.0,7051,3269,0.463622,1224,2035,1565,1694,3246,740310.0,-282841.0,457469.0,64.88
40,125,1.27,100.0,127.0,7051,3507,0.497376,1222,2269,1669,1822,3477,799280.0,-351891.6,447388.4,63.4503
40,125,1.3,100.0,130.0,7051,3507,0.497376,1222,2269,1669,1822,3477,799280.0,-360204.0,439076.0,62.2715
40,75,1.0,100.0,100.0,7051,3507,0.497376,1231,2260,1669,1822,3477,715090.0,-277080.0,438010.0,62.1203
40,40,1.0,100.0,100.0,7051,3507,0.497376,1269,2222,1669,1822,3477,714660.0,-277080.0,437580.0,62.0593
50,0,1.4,100.0,140.0,7051,3269,0.463622,1224,2035,1565,1694,3246,740310.0,-304598.0,435712.0,61.7944
40,150,1.5,100.0,150.0,7051,3507,0.497376,1222,2269,1669,1822,3477,848970.0,-415620.0,433350.0,61.4594
40,30,1.0,100.0,100.0,7051,3507,0.497376,1299,2192,1669,1822,3477,710200.0,-277080.0,433120.0,61.4267
40,100,1.2,100.0,120.0,7051,3507,0.497376,1224,2267,1669,1822,3477,764280.0,-332496.0,431784.0,61.2373
40,50,1.0,100.0,100.0,7051,3507,0.497376,1255,2236,1669,1822,3477,698700.0,-277080.0,421620.0,59.7958
50,0,1.5,100.0,150.0,7051,3269,0.463622,1224,2035,1565,1694,3246,740310.0,-326355.0,413955.0,58.7087
40,100,1.27,100.0,127.0,7051,3507,0.497376,1224,2267,1669,1822,3477,764280.0,-351891.6,412388.4,58.4865
40,125,1.4,100.0,140.0,7051,3507,0.497376,1222,2269,1669,1822,3477,799280.0,-387912.0,411368.0,58.3418
40,75,1.1,100.0,110.0,7051,3507,0.497376,1231,2260,1669,1822,3477,715090.0,-304788.0,410302.0,58.1906
40,40,1.1,100.0,110.0,7051,3507,0.497376,1269,2222,1669,1822,3477,714660.0,-304788.0,409872.0,58.1296
40,150,1.6,100.0,160.0,7051,3507,0.497376,1222,2269,1669,1822,3477,848970.0,-443328.0,405642.0,57.5297
40,30,1.1,100.0,110.0,7051,3507,0.497376,1299,2192,1669,1822,3477,710200.0,-304788.0,405412.0,57.4971
40,100,1.3,100.0,130.0,7051,3507,0.497376,1224,2267,1669,1822,3477,764280.0,-360204.0,404076.0,57.3076
40,50,1.1,100.0,110.0,7051,3507,0.497376,1255,2236,1669,1822,3477,698700.0,-304788.0,393912.0,55.8661
50,0,1.6,100.0,160.0,7051,3269,0.463622,1224,2035,1565,1694,3246,740310.0,-348112.0,392198.0,55.623
40,20,1.0,100.0,100.0,7051,3507,0.497376,1338,2153,1669,1822,3477,662510.0,-277080.0,385430.0,54.6632
40,125,1.5,100.0,150.0,7051,3507,0.497376,1222,2269,1669,1822,3477,799280.0,-415620.0,383660.0,54.4121
40,75,1.2,100.0,120.0,7051,3507,0.497376,1231,2260,1669,1822,3477,715090.0,-332496.0,382594.0,54.261
40,40,1.2,100.0,120.0,7051,3507,0.497376,1269,2222,1669,1822,3477,714660.0,-332496.0,382164.0,54.2
40,30,1.2,100.0,120.0,7051,3507,0.497376,1299,2192,1669,1822,3477,710200.0,-332496.0,377704.0,53.5674
40,100,1.4,100.0,140.0,7051,3507,0.497376,1224,2267,1669,1822,3477,764280.0,-387912.0,376368.0,53.378
40,50,1.2,100.0,120.0,7051,3507,0.497376,1255,2236,1669,1822,3477,698700.0,-332496.0,366204.0,51.9365
40,75,1.27,100.0,127.0,7051,3507,0.497376,1231,2260,1669,1822,3477,715090.0,-351891.6,363198.4,51.5102
40,40,1.27,100.0,127.0,7051,3507,0.497376,1269,2222,1669,1822,3477,714660.0,-351891.6,362768.4,51.4492
40,30,1.27,100.0,127.0,7051,3507,0.497376,1299,2192,1669,1822,3477,710200.0,-351891.6,358308.4,50.8167
40,20,1.1,100.0,110.0,7051,3507,0.497376,1338,2153,1669,1822,3477,662510.0,-304788.0,357722.0,50.7335
40,125,1.6,100.0,160.0,7051,3507,0.497376,1222,2269,1669,1822,3477,799280.0,-443328.0,355952.0,50.4825
40,75,1.3,100.0,130.0,7051,3507,0.497376,1231,2260,1669,1822,3477,715090.0,-360204.0,354886.0,50.3313
40,40,1.3,100.0,130.0,7051,3507,0.497376,1269,2222,1669,1822,3477,714660.0,-360204.0,354456.0,50.2703
40,30,1.3,100.0,130.0,7051,3507,0.497376,1299,2192,1669,1822,3477,710200.0,-360204.0,349996.0,49.6378
40,100,1.5,100.0,150.0,7051,3507,0.497376,1224,2267,1669,1822,3477,764280.0,-415620.0,348660.0,49.4483
40,50,1.27,100.0,127.0,7051,3507,0.497376,1255,2236,1669,1822,3477,698700.0,-351891.6,346808.4,49.1857
40,10,1.0,100.0,100.0,7051,3507,0.497376,1402,2089,1669,1822,3477,619810.0,-277080.0,342730.0,48.6073
40,50,1.3,100.0,130.0,7051,3507,0.497376,1255,2236,1669,1822,3477,698700.0,-360204.0,338496.0,48.0068
40,20,1.2,100.0,120.0,7051,3507,0.497376,1338,2153,1669,1822,3477,662510.0,-332496.0,330014.0,46.8039
40,75,1.4,100.0,140.0,7051,3507,0.497376,1231,2260,1669,1822,3477,715090.0,-387912.0,327178.0,46.4016
40,40,1.4,100.0,140.0,7051,3507,0.497376,1269,2222,1669,1822,3477,714660.0,-387912.0,326748.0,46.3407
40,30,1.4,100.0,140.0,7051,3507,0.497376,1299,2192,1669,1822,3477,710200.0,-387912.0,322288.0,45.7081
40,100,1.6,100.0,160.0,7051,3507,0.497376,1224,2267,1669,1822,3477,764280.0,-443328.0,320952.0,45.5186
40,10,1.1,100.0,110.0,7051,3507,0.497376,1402,2089,1669,1822,3477,619810.0,-304788.0,315022.0,44.6776
30,150,1.0,100.0,100.0,7051,3704,0.525316,1362,2322,1725,1959,3666,1022280.0,-711290.0,310990.0,44.1058
40,50,1.4,100.0,140.0,7051,3507,0.497376,1255,2236,1669,1822,3477,698700.0,-387912.0,310788.0,44.0772
40,20,1.27,100.0,127.0,7051,3507,0.497376,1338,2153,1669,1822,3477,662510.0,-351891.6,310618.4,44.0531
40,20,1.3,100.0,130.0,7051,3507,0.497376,1338,2153,1669,1822,3477,662510.0,-360204.0,302306.0,42.8742
40,75,1.5,100.0,150.0,7051,3507,0.497376,1231,2260,1669,1822,3477,715090.0,-415620.0,299470.0,42.472
40,40,1.5,100.0,150.0,7051,3507,0.497376,1269,2222,1669,1822,3477,714660.0,-415620.0,299040.0,42.411
40,30,1.5,100.0,150.0,7051,3507,0.497376,1299,2192,1669,1822,3477,710200.0,-415620.0,294580.0,41.7785
40,10,1.2,100.0,120.0,7051,3507,0.497376,1402,2089,1669,1822,3477,619810.0,-332496.0,287314.0,40.748
40,50,1.5,100.0,150.0,7051,3507,0.497376,1255,2236,1669,1822,3477,698700.0,-415620.0,283080.0,40.1475
40,20,1.4,100.0,140.0,7051,3507,0.497376,1338,2153,1669,1822,3477,662510.0,-387912.0,274598.0,38.9445
40,75,1.6,100.0,160.0,7051,3507,0.497376,1231,2260,1669,1822,3477,715090.0,-443328.0,271762.0,38.5423
40,40,1.6,100.0,160.0,7051,3507,0.497376,1269,2222,1669,1822,3477,714660.0,-443328.0,271332.0,38.4814
40,10,1.27,100.0,127.0,7051,3507,0.497376,1402,2089,1669,1822,3477,619810.0,-351891.6,267918.4,37.9972
40,30,1.6,100.0,160.0,7051,3507,0.497376,1299,2192,1669,1822,3477,710200.0,-443328.0,266872.0,37.8488
40,10,1.3,100.0,130.0,7051,3507,0.497376,1402,2089,1669,1822,3477,619810.0,-360204.0,259606.0,36.8183
40,50,1.6,100.0,160.0,7051,3507,0.497376,1255,2236,1669,1822,3477,698700.0,-443328.0,255372.0,36.2178
30,125,1.0,100.0,100.0,7051,3704,0.525316,1362,2322,1725,1959,3666,964030.0,-711290.0,252740.0,35.8446
40,20,1.5,100.0,150.0,7051,3507,0.497376,1338,2153,1669,1822,3477,662510.0,-415620.0,246890.0,35.0149
30,150,1.1,100.0,110.0,7051,3704,0.525316,1362,2322,1725,1959,3666,1022280.0,-782419.0,239861.0,34.018
40,10,1.4,100.0,140.0,7051,3507,0.497376,1402,2089,1669,1822,3477,619810.0,-387912.0,231898.0,32.8887
40,20,1.6,100.0,160.0,7051,3507,0.497376,1338,2153,1669,1822,3477,662510.0,-443328.0,219182.0,31.0852
25,150,1.0,100.0,100.0,7051,3787,0.537087,1407,2356,1760,2003,3744,790250.0,-575400.0,214850.0,30.4709
30,100,1.0,100.0,100.0,7051,3704,0.525316,1366,2318,1725,1959,3666,916380.0,-711290.0,205090.0,29.0867
40,10,1.5,100.0,150.0,7051,3507,0.497376,1402,2089,1669,1822,3477,619810.0,-415620.0,204190.0,28.959
30,125,1.1,100.0,110.0,7051,3704,0.525316,1362,2322,1725,1959,3666,964030.0,-782419.0,181611.0,25.7568
40,10,1.6,100.0,160.0,7051,3507,0.497376,1402,2089,1669,1822,3477,619810.0,-443328.0,176482.0,25.0294
25,125,1.0,100.0,100.0,7051,3787,0.537087,1408,2355,1760,2003,3744,747290.0,-575400.0,171890.0,24.3781
30,150,1.2,100.0,120.0,7051,3704,0.525316,1362,2322,1725,1959,3666,1022280.0,-853548.0,168732.0,23.9302
25,150,1.1,100.0,110.0,7051,3787,0.537087,1407,2356,1760,2003,3744,790250.0,-632940.0,157310.0,22.3103
30,100,1.1,100.0,110.0,7051,3704,0.525316,1366,2318,1725,1959,3666,916380.0,-782419.0,133961.0,18.9989
30,75,1.0,100.0,100.0,7051,3704,0.525316,1374,2310,1725,1959,3666,843230.0,-711290.0,131940.0,18.7122
30,150,1.27,100.0,127.0,7051,3704,0.525316,1362,2322,1725,1959,3666,1022280.0,-903338.3,118941.7,16.8688
25,125,1.1,100.0,110.0,7051,3787,0.537087,1408,2355,1760,2003,3744,747290.0,-632940.0,114350.0,16.2176
30,125,1.2,100.0,120.0,7051,3704,0.525316,1362,2322,1725,1959,3666,964030.0,-853548.0,110482.0,15.669
25,150,1.2,100.0,120.0,7051,3787,0.537087,1407,2356,1760,2003,3744,790250.0,-690480.0,99770.0,14.1498
30,150,1.3,100.0,130.0,7051,3704,0.525316,1362,2322,1725,1959,3666,1022280.0,-924677.0,97603.0,13.8424
25,100,1.0,100.0,100.0,7051,3787,0.537087,1412,2351,1760,2003,3744,664550.0,-575400.0,89150.0,12.6436
30,100,1.2,100.0,120.0,7051,3704,0.525316,1366,2318,1725,1959,3666,916380.0,-853548.0,62832.0,8.9111
40,0,1.0,100.0,100.0,7051,3507,0.497376,1483,2008,1669,1822,3477,339220.0,-277080.0,62140.0,8.8129
30,75,1.1,100.0,110.0,7051,3704,0.525316,1374,2310,1725,1959,3666,843230.0,-782419.0,60811.0,8.6245
30,125,1.27,100.0,127.0,7051,3704,0.525316,1362,2322,1725,1959,3666,964030.0,-903338.3,60691.7,8.6075
25,150,1.27,100.0,127.0,7051,3787,0.537087,1407,2356,1760,2003,3744,790250.0,-730758.0,59492.0,8.4374
25,125,1.2,100.0,120.0,7051,3787,0.537087,1408,2355,1760,2003,3744,747290.0,-690480.0,56810.0,8.057
25,150,1.3,100.0,130.0,7051,3787,0.537087,1407,2356,1760,2003,3744,790250.0,-748020.0,42230.0,5.9892
30,125,1.3,100.0,130.0,7051,3704,0.525316,1362,2322,1725,1959,3666,964030.0,-924677.0,39353.0,5.5812
40,0,1.1,100.0,110.0,7051,3507,0.497376,1483,2008,1669,1822,3477,339220.0,-304788.0,34432.0,4.8833
25,100,1.1,100.0,110.0,7051,3787,0.537087,1412,2351,1760,2003,3744,664550.0,-632940.0,31610.0,4.4831
30,150,1.4,100.0,140.0,7051,3704,0.525316,1362,2322,1725,1959,3666,1022280.0,-995806.0,26474.0,3.7546
30,50,1.0,100.0,100.0,7051,3704,0.525316,1407,2277,1725,1959,3666,737660.0,-711290.0,26370.0,3.7399
25,125,1.27,100.0,127.0,7051,3787,0.537087,1408,2355,1760,2003,3744,747290.0,-730758.0,16532.0,2.3446
30,100,1.27,100.0,127.0,7051,3704,0.525316,1366,2318,1725,1959,3666,916380.0,-903338.3,13041.7,1.8496
20,150,1.0,100.0,100.0,7051,3818,0.541483,1437,2356,1743,2050,3773,786970.0,-776800.0,10170.0,1.4423
40,0,1.2,100.0,120.0,7051,3507,0.497376,1483,2008,1669,1822,3477,339220.0,-332496.0,6724.0,0.9536
30,30,1.0,100.0,100.0,7051,3704,0.525316,1486,2198,1725,1959,3666,711470.0,-711290.0,180.0,0.0255
25,125,1.3,100.0,130.0,7051,3787,0.537087,1408,2355,1760,2003,3744,747290.0,-748020.0,-730.0,-0.1035
30,100,1.3,100.0,130.0,7051,3704,0.525316,1366,2318,1725,1959,3666,916380.0,-924677.0,-8297.0,-1.1767
25,75,1.0,100.0,100.0,7051,3787,0.537087,1420,2343,1760,2003,3744,566340.0,-575400.0,-9060.0,-1.2849
30,40,1.0,100.0,100.0,7051,3704,0.525316,1432,2252,1725,1959,3666,702220.0,-711290.0,-9070.0,-1.2863
30,75,1.2,100.0,120.0,7051,3704,0.525316,1374,2310,1725,1959,3666,843230.0,-853548.0,-10318.0,-1.4633
40,0,1.27,100.0,127.0,7051,3507,0.497376,1483,2008,1669,1822,3477,339220.0,-351891.6,-12671.6,-1.7971
25,150,1.4,100.0,140.0,7051,3787,0.537087,1407,2356,1760,2003,3744,790250.0,-805560.0,-15310.0,-2.1713
40,0,1.3,100.0,130.0,7051,3507,0.497376,1483,2008,1669,1822,3477,339220.0,-360204.0,-20984.0,-2.976
30,20,1.0,100.0,100.0,7051,3704,0.525316,1558,2126,1725,1959,3666,689800.0,-711290.0,-21490.0,-3.0478
15,150,1.0,100.0,100.0,7051,3845,0.545313,1471,2349,1745,2075,3800,907680.0,-929430.0,-21750.0,-3.0847
25,100,1.2,100.0,120.0,7051,3787,0.537087,1412,2351,1760,2003,3744,664550.0,-690480.0,-25930.0,-3.6775
30,125,1.4,100.0,140.0,7051,3704,0.525316,1362,2322,1725,1959,3666,964030.0,-995806.0,-31776.0,-4.5066
20,125,1.0,100.0,100.0,7051,3818,0.541483,1439,2354,1743,2050,3773,740510.0,-776800.0,-36290.0,-5.1468
30,150,1.5,100.0,150.0,7051,3704,0.525316,1362,2322,1725,1959,3666,1022280.0,-1066935.0,-44655.0,-6.3331
30,50,1.1,100.0,110.0,7051,3704,0.525316,1407,2277,1725,1959,3666,737660.0,-782419.0,-44759.0,-6.3479
40,0,1.4,100.0,140.0,7051,3507,0.497376,1483,2008,1669,1822,3477,339220.0,-387912.0,-48692.0,-6.9057
25,125,1.4,100.0,140.0,7051,3787,0.537087,1408,2355,1760,2003,3744,747290.0,-805560.0,-58270.0,-8.2641
30,75,1.27,100.0,127.0,7051,3704,0.525316,1374,2310,1725,1959,3666,843230.0,-903338.3,-60108.3,-8.5248
25,100,1.27,100.0,127.0,7051,3787,0.537087,1412,2351,1760,2003,3744,664550.0,-730758.0,-66208.0,-9.3899
25,75,1.1,100.0,110.0,7051,3787,0.537087,1420,2343,1760,2003,3744,566340.0,-632940.0,-66600.0,-9.4455
20,150,1.1,100.0,110.0,7051,3818,0.541483,1437,2356,1743,2050,3773,786970.0,-854480.0,-67510.0,-9.5745
30,30,1.1,100.0,110.0,7051,3704,0.525316,1486,2198,1725,1959,3666,711470.0,-782419.0,-70949.0,-10.0623
25,150,1.5,100.0,150.0,7051,3787,0.537087,1407,2356,1760,2003,3744,790250.0,-863100.0,-72850.0,-10.3319
15,125,1.0,100.0,100.0,7051,3845,0.545313,1473,2347,1745,2075,3800,853290.0,-929430.0,-76140.0,-10.7985
40,0,1.5,100.0,150.0,7051,3507,0.497376,1483,2008,1669,1822,3477,339220.0,-415620.0,-76400.0,-10.8353
30,100,1.4,100.0,140.0,7051,3704,0.525316,1366,2318,1725,1959,3666,916380.0,-995806.0,-79426.0,-11.2645
30,40,1.1,100.0,110.0,7051,3704,0.525316,1432,2252,1725,1959,3666,702220.0,-782419.0,-80199.0,-11.3741
30,75,1.3,100.0,130.0,7051,3704,0.525316,1374,2310,1725,1959,3666,843230.0,-924677.0,-81447.0,-11.5511
25,100,1.3,100.0,130.0,7051,3787,0.537087,1412,2351,1760,2003,3744,664550.0,-748020.0,-83470.0,-11.838
30,20,1.1,100.0,110.0,7051,3704,0.525316,1558,2126,1725,1959,3666,689800.0,-782419.0,-92619.0,-13.1356
30,125,1.5,100.0,150.0,7051,3704,0.525316,1362,2322,1725,1959,3666,964030.0,-1066935.0,-102905.0,-14.5944
40,0,1.6,100.0,160.0,7051,3507,0.497376,1483,2008,1669,1822,3477,339220.0,-443328.0,-104108.0,-14.765
30,10,1.0,100.0,100.0,7051,3704,0.525316,1663,2021,1725,1959,3666,605280.0,-711290.0,-106010.0,-15.0347
20,100,1.0,100.0,100.0,7051,3818,0.541483,1445,2348,1743,2050,3773,666210.0,-776800.0,-110590.0,-15.6843
20,125,1.1,100.0,110.0,7051,3818,0.541483,1439,2354,1743,2050,3773,740510.0,-854480.0,-113970.0,-16.1637
15,150,1.1,100.0,110.0,7051,3845,0.545313,1471,2349,1745,2075,3800,907680.0,-1022373.0,-114693.0,-16.2662
30,150,1.6,100.0,160.0,7051,3704,0.525316,1362,2322,1725,1959,3666,1022280.0,-1138064.0,-115784.0,-16.4209
25,125,1.5,100.0,150.0,7051,3787,0.537087,1408,2355,1760,2003,3744,747290.0,-863100.0,-115810.0,-16.4246
30,50,1.2,100.0,120.0,7051,3704,0.525316,1407,2277,1725,1959,3666,737660.0,-853548.0,-115888.0,-16.4357
25,75,1.2,100.0,120.0,7051,3787,0.537087,1420,2343,1760,2003,3744,566340.0,-690480.0,-124140.0,-17.606
25,150,1.6,100.0,160.0,7051,3787,0.537087,1407,2356,1760,2003,3744,790250.0,-920640.0,-130390.0,-18.4924
15,100,1.0,100.0,100.0,7051,3845,0.545313,1482,2338,1745,2075,3800,797720.0,-929430.0,-131710.0,-18.6796
25,100,1.4,100.0,140.0,7051,3787,0.537087,1412,2351,1760,2003,3744,664550.0,-805560.0,-141010.0,-19.9986
30,30,1.2,100.0,120.0,7051,3704,0.525316,1486,2198,1725,1959,3666,711470.0,-853548.0,-142078.0,-20.15
20,150,1.2,100.0,120.0,7051,3818,0.541483,1437,2356,1743,2050,3773,786970.0,-932160.0,-145190.0,-20.5914
30,100,1.5,100.0,150.0,7051,3704,0.525316,1366,2318,1725,1959,3666,916380.0,-1066935.0,-150555.0,-21.3523
30,40,1.2,100.0,120.0,7051,3704,0.525316,1432,2252,1725,1959,3666,702220.0,-853548.0,-151328.0,-21.4619
30,75,1.4,100.0,140.0,7051,3704,0.525316,1374,2310,1725,1959,3666,843230.0,-995806.0,-152576.0,-21.6389
25,50,1.0,100.0,100.0,7051,3787,0.537087,1456,2307,1760,2003,3744,418930.0,-575400.0,-156470.0,-22.1912
30,20,1.2,100.0,120.0,7051,3704,0.525316,1558,2126,1725,1959,3666,689800.0,-853548.0,-163748.0,-23.2234
25,75,1.27,100.0,127.0,7051,3787,0.537087,1420,2343,1760,2003,3744,566340.0,-730758.0,-164418.0,-23.3184
30,50,1.27,100.0,127.0,7051,3704,0.525316,1407,2277,1725,1959,3666,737660.0,-903338.3,-165678.3,-23.4971
15,125,1.1,100.0,110.0,7051,3845,0.545313,1473,2347,1745,2075,3800,853290.0,-1022373.0,-169083.0,-23.98
25,125,1.6,100.0,160.0,7051,3787,0.537087,1408,2355,1760,2003,3744,747290.0,-920640.0,-173350.0,-24.5852
30,125,1.6,100.0,160.0,7051,3704,0.525316,1362,2322,1725,1959,3666,964030.0,-1138064.0,-174034.0,-24.6822
30,10,1.1,100.0,110.0,7051,3704,0.525316,1663,2021,1725,1959,3666,605280.0,-782419.0,-177139.0,-25.1225
25,75,1.3,100.0,130.0,7051,3787,0.537087,1420,2343,1760,2003,3744,566340.0,-748020.0,-181680.0,-25.7666
30,50,1.3,100.0,130.0,7051,3704,0.525316,1407,2277,1725,1959,3666,737660.0,-924677.0,-187017.0,-26.5235
20,100,1.1,100.0,110.0,7051,3818,0.541483,1445,2348,1743,2050,3773,666210.0,-854480.0,-188270.0,-26.7012
20,125,1.2,100.0,120.0,7051,3818,0.541483,1439,2354,1743,2050,3773,740510.0,-932160.0,-191650.0,-27.1805
30,30,1.27,100.0,127.0,7051,3704,0.525316,1486,2198,1725,1959,3666,711470.0,-903338.3,-191868.3,-27.2115
25,100,1.5,100.0,150.0,7051,3787,0.537087,1412,2351,1760,2003,3744,664550.0,-863100.0,-198550.0,-28.1591
25,20,1.0,100.0,100.0,7051,3787,0.537087,1651,2112,1760,2003,3744,376430.0,-575400.0,-198970.0,-28.2187
20,150,1.27,100.0,127.0,7051,3818,0.541483,1437,2356,1743,2050,3773,786970.0,-986536.0,-199566.0,-28.3032
30,40,1.27,100.0,127.0,7051,3704,0.525316,1432,2252,1725,1959,3666,702220.0,-903338.3,-201118.3,-28.5234
25,30,1.0,100.0,100.0,7051,3787,0.537087,1557,2206,1760,2003,3744,373550.0,-575400.0,-201850.0,-28.6271
20,75,1.0,100.0,100.0,7051,3818,0.541483,1454,2339,1743,2050,3773,572700.0,-776800.0,-204100.0,-28.9462
15,150,1.2,100.0,120.0,7051,3845,0.545313,1471,2349,1745,2075,3800,907680.0,-1115316.0,-207636.0,-29.4477
30,30,1.3,100.0,130.0,7051,3704,0.525316,1486,2198,1725,1959,3666,711470.0,-924677.0,-213207.0,-30.2378
30,20,1.27,100.0,127.0,7051,3704,0.525316,1558,2126,1725,1959,3666,689800.0,-903338.3,-213538.3,-30.2848
25,50,1.1,100.0,110.0,7051,3787,0.537087,1456,2307,1760,2003,3744,418930.0,-632940.0,-214010.0,-30.3517
30,100,1.6,100.0,160.0,7051,3704,0.525316,1366,2318,1725,1959,3666,916380.0,-1138064.0,-221684.0,-31.4401
30,40,1.3,100.0,130.0,7051,3704,0.525316,1432,2252,1725,1959,3666,702220.0,-924677.0,-222457.0,-31.5497
20,150,1.3,100.0,130.0,7051,3818,0.541483,1437,2356,1743,2050,3773,786970.0,-1009840.0,-222870.0,-31.6083
30,75,1.5,100.0,150.0,7051,3704,0.525316,1374,2310,1725,1959,3666,843230.0,-1066935.0,-223705.0,-31.7267
25,40,1.0,100.0,100.0,7051,3787,0.537087,1489,2274,1760,2003,3744,351010.0,-575400.0,-224390.0,-31.8239
15,100,1.1,100.0,110.0,7051,3845,0.545313,1482,2338,1745,2075,3800,797720.0,-1022373.0,-224653.0,-31.8612
30,20,1.3,100.0,130.0,7051,3704,0.525316,1558,2126,1725,1959,3666,689800.0,-924677.0,-234877.0,-33.3112
25,75,1.4,100.0,140.0,7051,3787,0.537087,1420,2343,1760,2003,3744,566340.0,-805560.0,-239220.0,-33.9271
20,125,1.27,100.0,127.0,7051,3818,0.541483,1439,2354,1743,2050,3773,740510.0,-986536.0,-246026.0,-34.8924
30,10,1.2,100.0,120.0,7051,3704,0.525316,1663,2021,1725,1959,3666,605280.0,-853548.0,-248268.0,-35.2103
25,100,1.6,100.0,160.0,7051,3787,0.537087,1412,2351,1760,2003,3744,664550.0,-920640.0,-256090.0,-36.3197
25,20,1.1,100.0,110.0,7051,3787,0.537087,1651,2112,1760,2003,3744,376430.0,-632940.0,-256510.0,-36.3792
30,50,1.4,100.0,140.0,7051,3704,0.525316,1407,2277,1725,1959,3666,737660.0,-995806.0,-258146.0,-36.6113
10,150,1.0,100.0,100.0,7051,3815,0.541058,1481,2312,1721,2072,3773,821520.0,-1080110.0,-258590.0,-36.6742
25,30,1.1,100.0,110.0,7051,3787,0.537087,1557,2206,1760,2003,3744,373550.0,-632940.0,-259390.0,-36.7877
15,125,1.2,100.0,120.0,7051,3845,0.545313,1473,2347,1745,2075,3800,853290.0,-1115316.0,-262026.0,-37.1615
15,75,1.0,100.0,100.0,7051,3845,0.545313,1493,2327,1745,2075,3800,665720.0,-929430.0,-263710.0,-37.4004
20,100,1.2,100.0,120.0,7051,3818,0.541483,1445,2348,1743,2050,3773,666210.0,-932160.0,-265950.0,-37.7181
20,125,1.3,100.0,130.0,7051,3818,0.541483,1439,2354,1743,2050,3773,740510.0,-1009840.0,-269330.0,-38.1974
25,50,1.2,100.0,120.0,7051,3787,0.537087,1456,2307,1760,2003,3744,418930.0,-690480.0,-271550.0,-38.5123
15,150,1.27,100.0,127.0,7051,3845,0.545313,1471,2349,1745,2075,3800,907680.0,-1180376.1,-272696.1,-38.6748
20,75,1.1,100.0,110.0,7051,3818,0.541483,1454,2339,1743,2050,3773,572700.0,-854480.0,-281780.0,-39.9631
25,40,1.1,100.0,110.0,7051,3787,0.537087,1489,2274,1760,2003,3744,351010.0,-632940.0,-281930.0,-39.9844
30,30,1.4,100.0,140.0,7051,3704,0.525316,1486,2198,1725,1959,3666,711470.0,-995806.0,-284336.0,-40.3256
30,40,1.4,100.0,140.0,7051,3704,0.525316,1432,2252,1725,1959,3666,702220.0,-995806.0,-293586.0,-41.6375
30,75,1.6,100.0,160.0,7051,3704,0.525316,1374,2310,1725,1959,3666,843230.0,-1138064.0,-294834.0,-41.8145
25,75,1.5,100.0,150.0,7051,3787,0.537087,1420,2343,1760,2003,3744,566340.0,-863100.0,-296760.0,-42.0876
30,10,1.27,100.0,127.0,7051,3704,0.525316,1663,2021,1725,1959,3666,605280.0,-903338.3,-298058.3,-42.2718
20,150,1.4,100.0,140.0,7051,3818,0.541483,1437,2356,1743,2050,3773,786970.0,-1087520.0,-300550.0,-42.6252
15,150,1.3,100.0,130.0,7051,3845,0.545313,1471,2349,1745,2075,3800,907680.0,-1208259.0,-300579.0,-42.6293
30,20,1.4,100.0,140.0,7051,3704,0.525316,1558,2126,1725,1959,3666,689800.0,-995806.0,-306006.0,-43.399
25,10,1.0,100.0,100.0,7051,3787,0.537087,1784,1979,1760,2003,3744,268690.0,-575400.0,-306710.0,-43.4988
25,50,1.27,100.0,127.0,7051,3787,0.537087,1456,2307,1760,2003,3744,418930.0,-730758.0,-311828.0,-44.2246
25,20,1.2,100.0,120.0,7051,3787,0.537087,1651,2112,1760,2003,3744,376430.0,-690480.0,-314050.0,-44.5398
25,30,1.2,100.0,120.0,7051,3787,0.537087,1557,2206,1760,2003,3744,373550.0,-690480.0,-316930.0,-44.9482
15,100,1.2,100.0,120.0,7051,3845,0.545313,1482,2338,1745,2075,3800,797720.0,-1115316.0,-317596.0,-45.0427
30,10,1.3,100.0,130.0,7051,3704,0.525316,1663,2021,1725,1959,3666,605280.0,-924677.0,-319397.0,-45.2981
20,100,1.27,100.0,127.0,7051,3818,0.541483,1445,2348,1743,2050,3773,666210.0,-986536.0,-320326.0,-45.4299
15,125,1.27,100.0,127.0,7051,3845,0.545313,1473,2347,1745,2075,3800,853290.0,-1180376.1,-327086.1,-46.3886
10,125,1.0,100.0,100.0,7051,3815,0.541058,1483,2310,1721,2072,3773,751810.0,-1080110.0,-328300.0,-46.5608
25,50,1.3,100.0,130.0,7051,3787,0.537087,1456,2307,1760,2003,3744,418930.0,-748020.0,-329090.0,-46.6728
30,50,1.5,100.0,150.0,7051,3704,0.525316,1407,2277,1725,1959,3666,737660.0,-1066935.0,-329275.0,-46.699
25,40,1.2,100.0,120.0,7051,3787,0.537087,1489,2274,1760,2003,3744,351010.0,-690480.0,-339470.0,-48.1449
20,100,1.3,100.0,130.0,7051,3818,0.541483,1445,2348,1743,2050,3773,666210.0,-1009840.0,-343630.0,-48.7349
20,125,1.4,100.0,140.0,7051,3818,0.541483,1439,2354,1743,2050,3773,740510.0,-1087520.0,-347010.0,-49.2143
25,75,1.6,100.0,160.0,7051,3787,0.537087,1420,2343,1760,2003,3744,566340.0,-920640.0,-354300.0,-50.2482
25,20,1.27,100.0,127.0,7051,3787,0.537087,1651,2112,1760,2003,3744,376430.0,-730758.0,-354328.0,-50.2522
15,125,1.3,100.0,130.0,7051,3845,0.545313,1473,2347,1745,2075,3800,853290.0,-1208259.0,-354969.0,-50.3431
30,30,1.5,100.0,150.0,7051,3704,0.525316,1486,2198,1725,1959,3666,711470.0,-1066935.0,-355465.0,-50.4134
15,75,1.1,100.0,110.0,7051,3845,0.545313,1493,2327,1745,2075,3800,665720.0,-1022373.0,-356653.0,-50.5819
25,30,1.27,100.0,127.0,7051,3787,0.537087,1557,2206,1760,2003,3744,373550.0,-730758.0,-357208.0,-50.6606
20,75,1.2,100.0,120.0,7051,3818,0.541483,1454,2339,1743,2050,3773,572700.0,-932160.0,-359460.0,-50.98
25,10,1.1,100.0,110.0,7051,3787,0.537087,1784,1979,1760,2003,3744,268690.0,-632940.0,-364250.0,-51.6593
30,40,1.5,100.0,150.0,7051,3704,0.525316,1432,2252,1725,1959,3666,702220.0,-1066935.0,-364715.0,-51.7253
10,150,1.1,100.0,110.0,7051,3815,0.541058,1481,2312,1721,2072,3773,821520.0,-1188121.0,-366601.0,-51.9928
10,100,1.0,100.0,100.0,7051,3815,0.541058,1493,2300,1721,2072,3773,708750.0,-1080110.0,-371360.0,-52.6677
25,20,1.3,100.0,130.0,7051,3787,0.537087,1651,2112,1760,2003,3744,376430.0,-748020.0,-371590.0,-52.7003
25,30,1.3,100.0,130.0,7051,3787,0.537087,1557,2206,1760,2003,3744,373550.0,-748020.0,-374470.0,-53.1088
30,20,1.5,100.0,150.0,7051,3704,0.525316,1558,2126,1725,1959,3666,689800.0,-1066935.0,-377135.0,-53.4867
20,150,1.5,100.0,150.0,7051,3818,0.541483,1437,2356,1743,2050,3773,786970.0,-1165200.0,-378230.0,-53.642
25,40,1.27,100.0,127.0,7051,3787,0.537087,1489,2274,1760,2003,3744,351010.0,-730758.0,-379748.0,-53.8573
15,100,1.27,100.0,127.0,7051,3845,0.545313,1482,2338,1745,2075,3800,797720.0,-1180376.1,-382656.1,-54.2698
20,50,1.0,100.0,100.0,7051,3818,0.541483,1503,2290,1743,2050,3773,392230.0,-776800.0,-384570.0,-54.5412
25,50,1.4,100.0,140.0,7051,3787,0.537087,1456,2307,1760,2003,3744,418930.0,-805560.0,-386630.0,-54.8334
30,10,1.4,100.0,140.0,7051,3704,0.525316,1663,2021,1725,1959,3666,605280.0,-995806.0,-390526.0,-55.3859
15,150,1.4,100.0,140.0,7051,3845,0.545313,1471,2349,1745,2075,3800,907680.0,-1301202.0,-393522.0,-55.8108
25,40,1.3,100.0,130.0,7051,3787,0.537087,1489,2274,1760,2003,3744,351010.0,-748020.0,-397010.0,-56.3055
5,150,1.0,100.0,100.0,7051,3710,0.526167,1476,2213,1644,2045,3668,1000260.0,-1397810.0,-397550.0,-56.3821
30,50,1.6,100.0,160.0,7051,3704,0.525316,1407,2277,1725,1959,3666,737660.0,-1138064.0,-400404.0,-56.7868
15,100,1.3,100.0,130.0,7051,3845,0.545313,1482,2338,1745,2075,3800,797720.0,-1208259.0,-410539.0,-58.2242
20,75,1.27,100.0,127.0,7051,3818,0.541483,1454,2339,1743,2050,3773,572700.0,-986536.0,-413836.0,-58.6918
20,100,1.4,100.0,140.0,7051,3818,0.541483,1445,2348,1743,2050,3773,666210.0,-1087520.0,-421310.0,-59.7518
25,10,1.2,100.0,120.0,7051,3787,0.537087,1784,1979,1760,2003,3744,268690.0,-690480.0,-421790.0,-59.8199
20,125,1.5,100.0,150.0,7051,3818,0.541483,1439,2354,1743,2050,3773,740510.0,-1165200.0,-424690.0,-60.2312
30,30,1.6,100.0,160.0,7051,3704,0.525316,1486,2198,1725,1959,3666,711470.0,-1138064.0,-426594.0,-60.5012
20,20,1.0,100.0,100.0,7051,3818,0.541483,1747,2046,1743,2050,3773,348000.0,-776800.0,-428800.0,-60.8141
25,20,1.4,100.0,140.0,7051,3787,0.537087,1651,2112,1760,2003,3744,376430.0,-805560.0,-429130.0,-60.8609
25,30,1.4,100.0,140.0,7051,3787,0.537087,1557,2206,1760,2003,3744,373550.0,-805560.0,-432010.0,-61.2693
30,40,1.6,100.0,160.0,7051,3704,0.525316,1432,2252,1725,1959,3666,702220.0,-1138064.0,-435844.0,-61.8131
10,125,1.1,100.0,110.0,7051,3815,0.541058,1483,2310,1721,2072,3773,751810.0,-1188121.0,-436311.0,-61.8793
20,75,1.3,100.0,130.0,7051,3818,0.541483,1454,2339,1743,2050,3773,572700.0,-1009840.0,-437140.0,-61.9969
25,50,1.5,100.0,150.0,7051,3787,0.537087,1456,2307,1760,2003,3744,418930.0,-863100.0,-444170.0,-62.9939
15,125,1.4,100.0,140.0,7051,3845,0.545313,1473,2347,1745,2075,3800,853290.0,-1301202.0,-447912.0,-63.5246
30,20,1.6,100.0,160.0,7051,3704,0.525316,1558,2126,1725,1959,3666,689800.0,-1138064.0,-448264.0,-63.5745
15,75,1.2,100.0,120.0,7051,3845,0.545313,1493,2327,1745,2075,3800,665720.0,-1115316.0,-449596.0,-63.7634
15,50,1.0,100.0,100.0,7051,3845,0.545313,1554,2266,1745,2075,3800,476900.0,-929430.0,-452530.0,-64.1795
25,40,1.4,100.0,140.0,7051,3787,0.537087,1489,2274,1760,2003,3744,351010.0,-805560.0,-454550.0,-64.466
20,150,1.6,100.0,160.0,7051,3818,0.541483,1437,2356,1743,2050,3773,786970.0,-1242880.0,-455910.0,-64.6589
5,125,1.0,100.0,100.0,7051,3710,0.526167,1478,2211,1644,2045,3668,937380.0,-1397810.0,-460430.0,-65.3
30,10,1.5,100.0,150.0,7051,3704,0.525316,1663,2021,1725,1959,3666,605280.0,-1066935.0,-461655.0,-65.4737
25,10,1.27,100.0,127.0,7051,3787,0.537087,1784,1979,1760,2003,3744,268690.0,-730758.0,-462068.0,-65.5323
20,50,1.1,100.0,110.0,7051,3818,0.541483,1503,2290,1743,2050,3773,392230.0,-854480.0,-462250.0,-65.5581
20,30,1.0,100.0,100.0,7051,3818,0.541483,1629,2164,1743,2050,3773,314410.0,-776800.0,-462390.0,-65.5779
10,150,1.2,100.0,120.0,7051,3815,0.541058,1481,2312,1721,2072,3773,821520.0,-1296132.0,-474612.0,-67.3113
25,10,1.3,100.0,130.0,7051,3787,0.537087,1784,1979,1760,2003,3744,268690.0,-748020.0,-479330.0,-67.9804
10,100,1.1,100.0,110.0,7051,3815,0.541058,1493,2300,1721,2072,3773,708750.0,-1188121.0,-479371.0,-67.9862
20,40,1.0,100.0,100.0,7051,3818,0.541483,1543,2250,1743,2050,3773,297080.0,-776800.0,-479720.0,-68.0357
15,150,1.5,100.0,150.0,7051,3845,0.545313,1471,2349,1745,2075,3800,907680.0,-1394145.0,-486465.0,-68.9923
25,20,1.5,100.0,150.0,7051,3787,0.537087,1651,2112,1760,2003,3744,376430.0,-863100.0,-486670.0,-69.0214
15,20,1.0,100.0,100.0,7051,3845,0.545313,1846,1974,1745,2075,3800,440550.0,-929430.0,-488880.0,-69.3348
25,30,1.5,100.0,150.0,7051,3787,0.537087,1557,2206,1760,2003,3744,373550.0,-863100.0,-489550.0,-69.4299
30,0,1.0,100.0,100.0,7051,3704,0.525316,1798,1886,1725,1959,3666,221720.0,-711290.0,-489570.0,-69.4327
10,75,1.0,100.0,100.0,7051,3815,0.541058,1508,2285,1721,2072,3773,581940.0,-1080110.0,-498170.0,-70.6524
20,100,1.5,100.0,150.0,7051,3818,0.541483,1445,2348,1743,2050,3773,666210.0,-1165200.0,-498990.0,-70.7687
25,50,1.6,100.0,160.0,7051,3787,0.537087,1456,2307,1760,2003,3744,418930.0,-920640.0,-501710.0,-71.1544
20,125,1.6,100.0,160.0,7051,3818,0.541483,1439,2354,1743,2050,3773,740510.0,-1242880.0,-502370.0,-71.248
15,100,1.4,100.0,140.0,7051,3845,0.545313,1482,2338,1745,2075,3800,797720.0,-1301202.0,-503482.0,-71.4058
20,20,1.1,100.0,110.0,7051,3818,0.541483,1747,2046,1743,2050,3773,348000.0,-854480.0,-506480.0,-71.8309
25,40,1.5,100.0,150.0,7051,3787,0.537087,1489,2274,1760,2003,3744,351010.0,-863100.0,-512090.0,-72.6266
15,75,1.27,100.0,127.0,7051,3845,0.545313,1493,2327,1745,2075,3800,665720.0,-1180376.1,-514656.1,-72.9905
20,75,1.4,100.0,140.0,7051,3818,0.541483,1454,2339,1743,2050,3773,572700.0,-1087520.0,-514820.0,-73.0138
5,100,1.0,100.0,100.0,7051,3710,0.526167,1489,2200,1644,2045,3668,875090.0,-1397810.0,-522720.0,-74.1342
20,10,1.0,100.0,100.0,7051,3818,0.541483,1918,1875,1743,2050,3773,254010.0,-776800.0,-522790.0,-74.1441
30,10,1.6,100.0,160.0,7051,3704,0.525316,1663,2021,1725,1959,3666,605280.0,-1138064.0,-532784.0,-75.5615
25,10,1.4,100.0,140.0,7051,3787,0.537087,1784,1979,1760,2003,3744,268690.0,-805560.0,-536870.0,-76.141
5,150,1.1,100.0,110.0,7051,3710,0.526167,1476,2213,1644,2045,3668,1000260.0,-1537591.0,-537331.0,-76.2064
20,50,1.2,100.0,120.0,7051,3818,0.541483,1503,2290,1743,2050,3773,392230.0,-932160.0,-539930.0,-76.575
20,30,1.1,100.0,110.0,7051,3818,0.541483,1629,2164,1743,2050,3773,314410.0,-854480.0,-540070.0,-76.5948
15,125,1.5,100.0,150.0,7051,3845,0.545313,1473,2347,1745,2075,3800,853290.0,-1394145.0,-540855.0,-76.7061
15,75,1.3,100.0,130.0,7051,3845,0.545313,1493,2327,1745,2075,3800,665720.0,-1208259.0,-542539.0,-76.945
25,20,1.6,100.0,160.0,7051,3787,0.537087,1651,2112,1760,2003,3744,376430.0,-920640.0,-544210.0,-77.182
10,125,1.2,100.0,120.0,7051,3815,0.541058,1483,2310,1721,2072,3773,751810.0,-1296132.0,-544322.0,-77.1978
15,50,1.1,100.0,110.0,7051,3845,0.545313,1554,2266,1745,2075,3800,476900.0,-1022373.0,-545473.0,-77.3611
25,30,1.6,100.0,160.0,7051,3787,0.537087,1557,2206,1760,2003,3744,373550.0,-920640.0,-547090.0,-77.5904
10,150,1.27,100.0,127.0,7051,3815,0.541058,1481,2312,1721,2072,3773,821520.0,-1371739.7,-550219.7,-78.0343
15,30,1.0,100.0,100.0,7051,3845,0.545313,1700,2120,1745,2075,3800,377040.0,-929430.0,-552390.0,-78.3421
20,40,1.1,100.0,110.0,7051,3818,0.541483,1543,2250,1743,2050,3773,297080.0,-854480.0,-557400.0,-79.0526
30,0,1.1,100.0,110.0,7051,3704,0.525316,1798,1886,1725,1959,3666,221720.0,-782419.0,-560699.0,-79.5205
25,40,1.6,100.0,160.0,7051,3787,0.537087,1489,2274,1760,2003,3744,351010.0,-920640.0,-569630.0,-80.7871
20,100,1.6,100.0,160.0,7051,3818,0.541483,1445,2348,1743,2050,3773,666210.0,-1242880.0,-576670.0,-81.7856
15,150,1.6,100.0,160.0,7051,3845,0.545313,1471,2349,1745,2075,3800,907680.0,-1487088.0,-579408.0,-82.1739
15,20,1.1,100.0,110.0,7051,3845,0.545313,1846,1974,1745,2075,3800,440550.0,-1022373.0,-581823.0,-82.5164
10,150,1.3,100.0,130.0,7051,3815,0.541058,1481,2312,1721,2072,3773,821520.0,-1404143.0,-582623.0,-82.6298
20,20,1.2,100.0,120.0,7051,3818,0.541483,1747,2046,1743,2050,3773,348000.0,-932160.0,-584160.0,-82.8478
10,100,1.2,100.0,120.0,7051,3815,0.541058,1493,2300,1721,2072,3773,708750.0,-1296132.0,-587382.0,-83.3048
20,75,1.5,100.0,150.0,7051,3818,0.541483,1454,2339,1743,2050,3773,572700.0,-1165200.0,-592500.0,-84.0306
20,50,1.27,100.0,127.0,7051,3818,0.541483,1503,2290,1743,2050,3773,392230.0,-986536.0,-594306.0,-84.2868
25,10,1.5,100.0,150.0,7051,3787,0.537087,1784,1979,1760,2003,3744,268690.0,-863100.0,-594410.0,-84.3015
15,100,1.5,100.0,150.0,7051,3845,0.545313,1482,2338,1745,2075,3800,797720.0,-1394145.0,-596425.0,-84.5873
5,125,1.1,100.0,110.0,7051,3710,0.526167,1478,2211,1644,2045,3668,937380.0,-1537591.0,-600211.0,-85.1242
15,40,1.0,100.0,100.0,7051,3845,0.545313,1597,2223,1745,2075,3800,329010.0,-929430.0,-600420.0,-85.1539
20,10,1.1,100.0,110.0,7051,3818,0.541483,1918,1875,1743,2050,3773,254010.0,-854480.0,-600470.0,-85.161
10,75,1.1,100.0,110.0,7051,3815,0.541058,1508,2285,1721,2072,3773,581940.0,-1188121.0,-606181.0,-85.9709
20,50,1.3,100.0,130.0,7051,3818,0.541483,1503,2290,1743,2050,3773,392230.0,-1009840.0,-617610.0,-87.5918
20,30,1.2,100.0,120.0,7051,3818,0.541483,1629,2164,1743,2050,3773,314410.0,-932160.0,-617750.0,-87.6117
10,125,1.27,100.0,127.0,7051,3815,0.541058,1483,2310,1721,2072,3773,751810.0,-1371739.7,-619929.7,-87.9208
30,0,1.2,100.0,120.0,7051,3704,0.525316,1798,1886,1725,1959,3666,221720.0,-853548.0,-631828.0,-89.6083
15,125,1.6,100.0,160.0,7051,3845,0.545313,1473,2347,1745,2075,3800,853290.0,-1487088.0,-633798.0,-89.8877
20,40,1.2,100.0,120.0,7051,3818,0.541483,1543,2250,1743,2050,3773,297080.0,-932160.0,-635080.0,-90.0695
15,75,1.4,100.0,140.0,7051,3845,0.545313,1493,2327,1745,2075,3800,665720.0,-1301202.0,-635482.0,-90.1265
15,50,1.2,100.0,120.0,7051,3845,0.545313,1554,2266,1745,2075,3800,476900.0,-1115316.0,-638416.0,-90.5426
20,20,1.27,100.0,127.0,7051,3818,0.541483,1747,2046,1743,2050,3773,348000.0,-986536.0,-638536.0,-90.5596
15,10,1.0,100.0,100.0,7051,3845,0.545313,2059,1761,1745,2075,3800,286810.0,-929430.0,-642620.0,-91.1388
15,30,1.1,100.0,110.0,7051,3845,0.545313,1700,2120,1745,2075,3800,377040.0,-1022373.0,-645333.0,-91.5236
25,0,1.0,100.0,100.0,7051,3787,0.537087,1963,1800,1760,2003,3744,-75610.0,-575400.0,-651010.0,-92.3287
25,10,1.6,100.0,160.0,7051,3787,0.537087,1784,1979,1760,2003,3744,268690.0,-920640.0,-651950.0,-92.4621
10,125,1.3,100.0,130.0,7051,3815,0.541058,1483,2310,1721,2072,3773,751810.0,-1404143.0,-652333.0,-92.5164
20,20,1.3,100.0,130.0,7051,3818,0.541483,1747,2046,1743,2050,3773,348000.0,-1009840.0,-661840.0,-93.8647
5,100,1.1,100.0,110.0,7051,3710,0.526167,1489,2200,1644,2045,3668,875090.0,-1537591.0,-662501.0,-93.9584
10,100,1.27,100.0,127.0,7051,3815,0.541058,1493,2300,1721,2072,3773,708750.0,-1371739.7,-662989.7,-94.0278
5,75,1.0,100.0,100.0,7051,3710,0.526167,1508,2181,1644,2045,3668,734500.0,-1397810.0,-663310.0,-94.0732
20,75,1.6,100.0,160.0,7051,3818,0.541483,1454,2339,1743,2050,3773,572700.0,-1242880.0,-670180.0,-95.0475
10,50,1.0,100.0,100.0,7051,3815,0.541058,1580,2213,1721,2072,3773,408160.0,-1080110.0,-671950.0,-95.2985
20,30,1.27,100.0,127.0,7051,3818,0.541483,1629,2164,1743,2050,3773,314410.0,-986536.0,-672126.0,-95.3235
15,20,1.2,100.0,120.0,7051,3845,0.545313,1846,1974,1745,2075,3800,440550.0,-1115316.0,-674766.0,-95.6979
5,150,1.2,100.0,120.0,7051,3710,0.526167,1476,2213,1644,2045,3668,1000260.0,-1677372.0,-677112.0,-96.0306
20,10,1.2,100.0,120.0,7051,3818,0.541483,1918,1875,1743,2050,3773,254010.0,-932160.0,-678150.0,-96.1778
30,0,1.27,100.0,127.0,7051,3704,0.525316,1798,1886,1725,1959,3666,221720.0,-903338.3,-681618.3,-96.6697
15,100,1.6,100.0,160.0,7051,3845,0.545313,1482,2338,1745,2075,3800,797720.0,-1487088.0,-689368.0,-97.7688
20,40,1.27,100.0,127.0,7051,3818,0.541483,1543,2250,1743,2050,3773,297080.0,-986536.0,-689456.0,-97.7813
10,150,1.4,100.0,140.0,7051,3815,0.541058,1481,2312,1721,2072,3773,821520.0,-1512154.0,-690634.0,-97.9484
15,40,1.1,100.0,110.0,7051,3845,0.545313,1597,2223,1745,2075,3800,329010.0,-1022373.0,-693363.0,-98.3354
20,50,1.4,100.0,140.0,7051,3818,0.541483,1503,2290,1743,2050,3773,392230.0,-1087520.0,-695290.0,-98.6087
10,100,1.3,100.0,130.0,7051,3815,0.541058,1493,2300,1721,2072,3773,708750.0,-1404143.0,-695393.0,-98.6233
20,30,1.3,100.0,130.0,7051,3818,0.541483,1629,2164,1743,2050,3773,314410.0,-1009840.0,-695430.0,-98.6286
30,0,1.3,100.0,130.0,7051,3704,0.525316,1798,1886,1725,1959,3666,221720.0,-924677.0,-702957.0,-99.6961
15,50,1.27,100.0,127.0,7051,3845,0.545313,1554,2266,1745,2075,3800,476900.0,-1180376.1,-703476.1,-99.7697
10,20,1.0,100.0,100.0,7051,3815,0.541058,1933,1860,1721,2072,3773,372590.0,-1080110.0,-707520.0,-100.3432
25,0,1.1,100.0,110.0,7051,3787,0.537087,1963,1800,1760,2003,3744,-75610.0,-632940.0,-708550.0,-100.4893
20,40,1.3,100.0,130.0,7051,3818,0.541483,1543,2250,1743,2050,3773,297080.0,-1009840.0,-712760.0,-101.0864
10,75,1.2,100.0,120.0,7051,3815,0.541058,1508,2285,1721,2072,3773,581940.0,-1296132.0,-714192.0,-101.2895
15,75,1.5,100.0,150.0,7051,3845,0.545313,1493,2327,1745,2075,3800,665720.0,-1394145.0,-728425.0,-103.308
15,50,1.3,100.0,130.0,7051,3845,0.545313,1554,2266,1745,2075,3800,476900.0,-1208259.0,-731359.0,-103.7242
20,10,1.27,100.0,127.0,7051,3818,0.541483,1918,1875,1743,2050,3773,254010.0,-986536.0,-732526.0,-103.8897
15,10,1.1,100.0,110.0,7051,3845,0.545313,2059,1761,1745,2075,3800,286810.0,-1022373.0,-735563.0,-104.3204
15,30,1.2,100.0,120.0,7051,3845,0.545313,1700,2120,1745,2075,3800,377040.0,-1115316.0,-738276.0,-104.7051
20,20,1.4,100.0,140.0,7051,3818,0.541483,1747,2046,1743,2050,3773,348000.0,-1087520.0,-739520.0,-104.8816
15,20,1.27,100.0,127.0,7051,3845,0.545313,1846,1974,1745,2075,3800,440550.0,-1180376.1,-739826.1,-104.925
5,125,1.2,100.0,120.0,7051,3710,0.526167,1478,2211,1644,2045,3668,937380.0,-1677372.0,-739992.0,-104.9485
20,10,1.3,100.0,130.0,7051,3818,0.541483,1918,1875,1743,2050,3773,254010.0,-1009840.0,-755830.0,-107.1947
10,125,1.4,100.0,140.0,7051,3815,0.541058,1483,2310,1721,2072,3773,751810.0,-1512154.0,-760344.0,-107.8349
25,0,1.2,100.0,120.0,7051,3787,0.537087,1963,1800,1760,2003,3744,-75610.0,-690480.0,-766090.0,-108.6498
15,20,1.3,100.0,130.0,7051,3845,0.545313,1846,1974,1745,2075,3800,440550.0,-1208259.0,-767709.0,-108.8794
20,50,1.5,100.0,150.0,7051,3818,0.541483,1503,2290,1743,2050,3773,392230.0,-1165200.0,-772970.0,-109.6256
20,30,1.4,100.0,140.0,7051,3818,0.541483,1629,2164,1743,2050,3773,314410.0,-1087520.0,-773110.0,-109.6454
30,0,1.4,100.0,140.0,7051,3704,0.525316,1798,1886,1725,1959,3666,221720.0,-995806.0,-774086.0,-109.7839
5,150,1.27,100.0,127.0,7051,3710,0.526167,1476,2213,1644,2045,3668,1000260.0,-1775218.7,-774958.7,-109.9076
10,50,1.1,100.0,110.0,7051,3815,0.541058,1580,2213,1721,2072,3773,408160.0,-1188121.0,-779961.0,-110.6171
10,30,1.0,100.0,100.0,7051,3815,0.541058,1750,2043,1721,2072,3773,296070.0,-1080110.0,-784040.0,-111.1956
15,40,1.2,100.0,120.0,7051,3845,0.545313,1597,2223,1745,2075,3800,329010.0,-1115316.0,-786306.0,-111.5169
10,75,1.27,100.0,127.0,7051,3815,0.541058,1508,2285,1721,2072,3773,581940.0,-1371739.7,-789799.7,-112.0124
20,40,1.4,100.0,140.0,7051,3818,0.541483,1543,2250,1743,2050,3773,297080.0,-1087520.0,-790440.0,-112.1032
10,150,1.5,100.0,150.0,7051,3815,0.541058,1481,2312,1721,2072,3773,821520.0,-1620165.0,-798645.0,-113.2669
5,100,1.2,100.0,120.0,7051,3710,0.526167,1489,2200,1644,2045,3668,875090.0,-1677372.0,-802282.0,-113.7827
5,75,1.1,100.0,110.0,7051,3710,0.526167,1508,2181,1644,2045,3668,734500.0,-1537591.0,-803091.0,-113.8975
15,30,1.27,100.0,127.0,7051,3845,0.545313,1700,2120,1745,2075,3800,377040.0,-1180376.1,-803336.1,-113.9322
10,100,1.4,100.0,140.0,7051,3815,0.541058,1493,2300,1721,2072,3773,708750.0,-1512154.0,-803404.0,-113.9419
25,0,1.27,100.0,127.0,7051,3787,0.537087,1963,1800,1760,2003,3744,-75610.0,-730758.0,-806368.0,-114.3622
10,20,1.1,100.0,110.0,7051,3815,0.541058,1933,1860,1721,2072,3773,372590.0,-1188121.0,-815531.0,-115.6618
5,150,1.3,100.0,130.0,7051,3710,0.526167,1476,2213,1644,2045,3668,1000260.0,-1817153.0,-816893.0,-115.8549
20,20,1.5,100.0,150.0,7051,3818,0.541483,1747,2046,1743,2050,3773,348000.0,-1165200.0,-817200.0,-115.8985
15,75,1.6,100.0,160.0,7051,3845,0.545313,1493,2327,1745,2075,3800,665720.0,-1487088.0,-821368.0,-116.4896
10,75,1.3,100.0,130.0,7051,3815,0.541058,1508,2285,1721,2072,3773,581940.0,-1404143.0,-822203.0,-116.608
25,0,1.3,100.0,130.0,7051,3787,0.537087,1963,1800,1760,2003,3744,-75610.0,-748020.0,-823630.0,-116.8104
10,40,1.0,100.0,100.0,7051,3815,0.541058,1633,2160,1721,2072,3773,256230.0,-1080110.0,-823880.0,-116.8458
15,50,1.4,100.0,140.0,7051,3845,0.545313,1554,2266,1745,2075,3800,476900.0,-1301202.0,-824302.0,-116.9057
15,10,1.2,100.0,120.0,7051,3845,0.545313,2059,1761,1745,2075,3800,286810.0,-1115316.0,-828506.0,-117.5019
15,30,1.3,100.0,130.0,7051,3845,0.545313,1700,2120,1745,2075,3800,377040.0,-1208259.0,-831219.0,-117.8867
20,10,1.4,100.0,140.0,7051,3818,0.541483,1918,1875,1743,2050,3773,254010.0,-1087520.0,-833510.0,-118.2116
5,125,1.27,100.0,127.0,7051,3710,0.526167,1478,2211,1644,2045,3668,937380.0,-1775218.7,-837838.7,-118.8255
30,0,1.5,100.0,150.0,7051,3704,0.525316,1798,1886,1725,1959,3666,221720.0,-1066935.0,-845215.0,-119.8716
20,50,1.6,100.0,160.0,7051,3818,0.541483,1503,2290,1743,2050,3773,392230.0,-1242880.0,-850650.0,-120.6425
20,30,1.5,100.0,150.0,7051,3818,0.541483,1629,2164,1743,2050,3773,314410.0,-1165200.0,-850790.0,-120.6623
15,40,1.27,100.0,127.0,7051,3845,0.545313,1597,2223,1745,2075,3800,329010.0,-1180376.1,-851366.1,-120.744
5,50,1.0,100.0,100.0,7051,3710,0.526167,1592,2097,1644,2045,3668,545360.0,-1397810.0,-852450.0,-120.8977
15,20,1.4,100.0,140.0,7051,3845,0.545313,1846,1974,1745,2075,3800,440550.0,-1301202.0,-860652.0,-122.061
20,40,1.5,100.0,150.0,7051,3818,0.541483,1543,2250,1743,2050,3773,297080.0,-1165200.0,-868120.0,-123.1201
10,125,1.5,100.0,150.0,7051,3815,0.541058,1483,2310,1721,2072,3773,751810.0,-1620165.0,-868355.0,-123.1535
20,0,1.0,100.0,100.0,7051,3818,0.541483,2149,1644,1743,2050,3773,-93620.0,-776800.0,-870420.0,-123.4463
15,40,1.3,100.0,130.0,7051,3845,0.545313,1597,2223,1745,2075,3800,329010.0,-1208259.0,-879249.0,-124.6985
5,125,1.3,100.0,130.0,7051,3710,0.526167,1478,2211,1644,2045,3668,937380.0,-1817153.0,-879773.0,-124.7728
25,0,1.4,100.0,140.0,7051,3787,0.537087,1963,1800,1760,2003,3744,-75610.0,-805560.0,-881170.0,-124.9709
10,50,1.2,100.0,120.0,7051,3815,0.541058,1580,2213,1721,2072,3773,408160.0,-1296132.0,-887972.0,-125.9356
10,30,1.1,100.0,110.0,7051,3815,0.541058,1750,2043,1721,2072,3773,296070.0,-1188121.0,-892051.0,-126.5141
15,10,1.27,100.0,127.0,7051,3845,0.545313,2059,1761,1745,2075,3800,286810.0,-1180376.1,-893566.1,-126.729
20,20,1.6,100.0,160.0,7051,3818,0.541483,1747,2046,1743,2050,3773,348000.0,-1242880.0,-894880.0,-126.9153
5,100,1.27,100.0,127.0,7051,3710,0.526167,1489,2200,1644,2045,3668,875090.0,-1775218.7,-900128.7,-127.6597
10,150,1.6,100.0,160.0,7051,3815,0.541058,1481,2312,1721,2072,3773,821520.0,-1728176.0,-906656.0,-128.5854
20,10,1.5,100.0,150.0,7051,3818,0.541483,1918,1875,1743,2050,3773,254010.0,-1165200.0,-911190.0,-129.2285
10,100,1.5,100.0,150.0,7051,3815,0.541058,1493,2300,1721,2072,3773,708750.0,-1620165.0,-911415.0,-129.2604
30,0,1.6,100.0,160.0,7051,3704,0.525316,1798,1886,1725,1959,3666,221720.0,-1138064.0,-916344.0,-129.9594
15,50,1.5,100.0,150.0,7051,3845,0.545313,1554,2266,1745,2075,3800,476900.0,-1394145.0,-917245.0,-130.0872
15,10,1.3,100.0,130.0,7051,3845,0.545313,2059,1761,1745,2075,3800,286810.0,-1208259.0,-921449.0,-130.6834
10,20,1.2,100.0,120.0,7051,3815,0.541058,1933,1860,1721,2072,3773,372590.0,-1296132.0,-923542.0,-130.9803
15,30,1.4,100.0,140.0,7051,3845,0.545313,1700,2120,1745,2075,3800,377040.0,-1301202.0,-924162.0,-131.0682
20,30,1.6,100.0,160.0,7051,3818,0.541483,1629,2164,1743,2050,3773,314410.0,-1242880.0,-928470.0,-131.6792
10,75,1.4,100.0,140.0,7051,3815,0.541058,1508,2285,1721,2072,3773,581940.0,-1512154.0,-930214.0,-131.9265
10,40,1.1,100.0,110.0,7051,3815,0.541058,1633,2160,1721,2072,3773,256230.0,-1188121.0,-931891.0,-132.1644
10,10,1.0,100.0,100.0,7051,3815,0.541058,2181,1612,1721,2072,3773,141530.0,-1080110.0,-938580.0,-133.113
25,0,1.5,100.0,150.0,7051,3787,0.537087,1963,1800,1760,2003,3744,-75610.0,-863100.0,-938710.0,-133.1315
5,100,1.3,100.0,130.0,7051,3710,0.526167,1489,2200,1644,2045,3668,875090.0,-1817153.0,-942063.0,-133.607
5,75,1.2,100.0,120.0,7051,3710,0.526167,1508,2181,1644,2045,3668,734500.0,-1677372.0,-942872.0,-133.7217
20,40,1.6,100.0,160.0,7051,3818,0.541483,1543,2250,1743,2050,3773,297080.0,-1242880.0,-945800.0,-134.137
20,0,1.1,100.0,110.0,7051,3818,0.541483,2149,1644,1743,2050,3773,-93620.0,-854480.0,-948100.0,-134.4632
15,20,1.5,100.0,150.0,7051,3845,0.545313,1846,1974,1745,2075,3800,440550.0,-1394145.0,-953595.0,-135.2425
5,150,1.4,100.0,140.0,7051,3710,0.526167,1476,2213,1644,2045,3668,1000260.0,-1956934.0,-956674.0,-135.6792
10,50,1.27,100.0,127.0,7051,3815,0.541058,1580,2213,1721,2072,3773,408160.0,-1371739.7,-963579.7,-136.6586
15,40,1.4,100.0,140.0,7051,3845,0.545313,1597,2223,1745,2075,3800,329010.0,-1301202.0,-972192.0,-137.88
10,125,1.6,100.0,160.0,7051,3815,0.541058,1483,2310,1721,2072,3773,751810.0,-1728176.0,-976366.0,-138.472
20,10,1.6,100.0,160.0,7051,3818,0.541483,1918,1875,1743,2050,3773,254010.0,-1242880.0,-988870.0,-140.2454
5,50,1.1,100.0,110.0,7051,3710,0.526167,1592,2097,1644,2045,3668,545360.0,-1537591.0,-992231.0,-140.722
10,50,1.3,100.0,130.0,7051,3815,0.541058,1580,2213,1721,2072,3773,408160.0,-1404143.0,-995983.0,-141.2541
25,0,1.6,100.0,160.0,7051,3787,0.537087,1963,1800,1760,2003,3744,-75610.0,-920640.0,-996250.0,-141.292
10,20,1.27,100.0,127.0,7051,3815,0.541058,1933,1860,1721,2072,3773,372590.0,-1371739.7,-999149.7,-141.7033
10,30,1.2,100.0,120.0,7051,3815,0.541058,1750,2043,1721,2072,3773,296070.0,-1296132.0,-1000062.0,-141.8326
15,50,1.6,100.0,160.0,7051,3845,0.545313,1554,2266,1745,2075,3800,476900.0,-1487088.0,-1010188.0,-143.2688
15,10,1.4,100.0,140.0,7051,3845,0.545313,2059,1761,1745,2075,3800,286810.0,-1301202.0,-1014392.0,-143.865
15,30,1.5,100.0,150.0,7051,3845,0.545313,1700,2120,1745,2075,3800,377040.0,-1394145.0,-1017105.0,-144.2498
10,100,1.6,100.0,160.0,7051,3815,0.541058,1493,2300,1721,2072,3773,708750.0,-1728176.0,-1019426.0,-144.5789
5,125,1.4,100.0,140.0,7051,3710,0.526167,1478,2211,1644,2045,3668,937380.0,-1956934.0,-1019554.0,-144.5971
5,30,1.0,100.0,100.0,7051,3710,0.526167,1801,1888,1644,2045,3668,375510.0,-1397810.0,-1022300.0,-144.9865
20,0,1.2,100.0,120.0,7051,3818,0.541483,2149,1644,1743,2050,3773,-93620.0,-932160.0,-1025780.0,-145.4801
10,20,1.3,100.0,130.0,7051,3815,0.541058,1933,1860,1721,2072,3773,372590.0,-1404143.0,-1031553.0,-146.2988
10,75,1.5,100.0,150.0,7051,3815,0.541058,1508,2285,1721,2072,3773,581940.0,-1620165.0,-1038225.0,-147.2451
5,20,1.0,100.0,100.0,7051,3710,0.526167,2011,1678,1644,2045,3668,359250.0,-1397810.0,-1038560.0,-147.2926
10,40,1.2,100.0,120.0,7051,3815,0.541058,1633,2160,1721,2072,3773,256230.0,-1296132.0,-1039902.0,-147.4829
5,75,1.27,100.0,127.0,7051,3710,0.526167,1508,2181,1644,2045,3668,734500.0,-1775218.7,-1040718.7,-147.5987
15,20,1.6,100.0,160.0,7051,3845,0.545313,1846,1974,1745,2075,3800,440550.0,-1487088.0,-1046538.0,-148.4241
10,10,1.1,100.0,110.0,7051,3815,0.541058,2181,1612,1721,2072,3773,141530.0,-1188121.0,-1046591.0,-148.4316
5,40,1.0,100.0,100.0,7051,3710,0.526167,1661,2028,1644,2045,3668,349980.0,-1397810.0,-1047830.0,-148.6073
15,40,1.5,100.0,150.0,7051,3845,0.545313,1597,2223,1745,2075,3800,329010.0,-1394145.0,-1065135.0,-151.0616
10,30,1.27,100.0,127.0,7051,3815,0.541058,1750,2043,1721,2072,3773,296070.0,-1371739.7,-1075669.7,-152.5556
20,0,1.27,100.0,127.0,7051,3818,0.541483,2149,1644,1743,2050,3773,-93620.0,-986536.0,-1080156.0,-153.1919
5,100,1.4,100.0,140.0,7051,3710,0.526167,1489,2200,1644,2045,3668,875090.0,-1956934.0,-1081844.0,-153.4313
5,75,1.3,100.0,130.0,7051,3710,0.526167,1508,2181,1644,2045,3668,734500.0,-1817153.0,-1082653.0,-153.546
5,150,1.5,100.0,150.0,7051,3710,0.526167,1476,2213,1644,2045,3668,1000260.0,-2096715.0,-1096455.0,-155.5035
15,0,1.0,100.0,100.0,7051,3845,0.545313,2335,1485,1745,2075,3800,-172490.0,-929430.0,-1101920.0,-156.2785
20,0,1.3,100.0,130.0,7051,3818,0.541483,2149,1644,1743,2050,3773,-93620.0,-1009840.0,-1103460.0,-156.497
10,50,1.4,100.0,140.0,7051,3815,0.541058,1580,2213,1721,2072,3773,408160.0,-1512154.0,-1103994.0,-156.5727
15,10,1.5,100.0,150.0,7051,3845,0.545313,2059,1761,1745,2075,3800,286810.0,-1394145.0,-1107335.0,-157.0465
10,30,1.3,100.0,130.0,7051,3815,0.541058,1750,2043,1721,2072,3773,296070.0,-1404143.0,-1108073.0,-157.1512
15,30,1.6,100.0,160.0,7051,3845,0.545313,1700,2120,1745,2075,3800,377040.0,-1487088.0,-1110048.0,-157.4313
10,40,1.27,100.0,127.0,7051,3815,0.541058,1633,2160,1721,2072,3773,256230.0,-1371739.7,-1115509.7,-158.2059
5,50,1.2,100.0,120.0,7051,3710,0.526167,1592,2097,1644,2045,3668,545360.0,-1677372.0,-1132012.0,-160.5463
10,20,1.4,100.0,140.0,7051,3815,0.541058,1933,1860,1721,2072,3773,372590.0,-1512154.0,-1139564.0,-161.6174
10,75,1.6,100.0,160.0,7051,3815,0.541058,1508,2285,1721,2072,3773,581940.0,-1728176.0,-1146236.0,-162.5636
10,40,1.3,100.0,130.0,7051,3815,0.541058,1633,2160,1721,2072,3773,256230.0,-1404143.0,-1147913.0,-162.8014
10,10,1.2,100.0,120.0,7051,3815,0.541058,2181,1612,1721,2072,3773,141530.0,-1296132.0,-1154602.0,-163.7501
15,40,1.6,100.0,160.0,7051,3845,0.545313,1597,2223,1745,2075,3800,329010.0,-1487088.0,-1158078.0,-164.2431
5,125,1.5,100.0,150.0,7051,3710,0.526167,1478,2211,1644,2045,3668,937380.0,-2096715.0,-1159335.0,-164.4214
5,30,1.1,100.0,110.0,7051,3710,0.526167,1801,1888,1644,2045,3668,375510.0,-1537591.0,-1162081.0,-164.8108
5,20,1.1,100.0,110.0,7051,3710,0.526167,2011,1678,1644,2045,3668,359250.0,-1537591.0,-1178341.0,-167.1169
20,0,1.4,100.0,140.0,7051,3818,0.541483,2149,1644,1743,2050,3773,-93620.0,-1087520.0,-1181140.0,-167.5138
5,40,1.1,100.0,110.0,7051,3710,0.526167,1661,2028,1644,2045,3668,349980.0,-1537591.0,-1187611.0,-168.4316
15,0,1.1,100.0,110.0,7051,3845,0.545313,2335,1485,1745,2075,3800,-172490.0,-1022373.0,-1194863.0,-169.4601
15,10,1.6,100.0,160.0,7051,3845,0.545313,2059,1761,1745,2075,3800,286810.0,-1487088.0,-1200278.0,-170.2281
10,50,1.5,100.0,150.0,7051,3815,0.541058,1580,2213,1721,2072,3773,408160.0,-1620165.0,-1212005.0,-171.8912
10,30,1.4,100.0,140.0,7051,3815,0.541058,1750,2043,1721,2072,3773,296070.0,-1512154.0,-1216084.0,-172.4697
5,100,1.5,100.0,150.0,7051,3710,0.526167,1489,2200,1644,2045,3668,875090.0,-2096715.0,-1221625.0,-173.2556
5,75,1.4,100.0,140.0,7051,3710,0.526167,1508,2181,1644,2045,3668,734500.0,-1956934.0,-1222434.0,-173.3703
5,50,1.27,100.0,127.0,7051,3710,0.526167,1592,2097,1644,2045,3668,545360.0,-1775218.7,-1229858.7,-174.4233
10,10,1.27,100.0,127.0,7051,3815,0.541058,2181,1612,1721,2072,3773,141530.0,-1371739.7,-1230209.7,-174.4731
5,150,1.6,100.0,160.0,7051,3710,0.526167,1476,2213,1644,2045,3668,1000260.0,-2236496.0,-1236236.0,-175.3278
10,20,1.5,100.0,150.0,7051,3815,0.541058,1933,1860,1721,2072,3773,372590.0,-1620165.0,-1247575.0,-176.9359
10,40,1.4,100.0,140.0,7051,3815,0.541058,1633,2160,1721,2072,3773,256230.0,-1512154.0,-1255924.0,-178.12
20,0,1.5,100.0,150.0,7051,3818,0.541483,2149,1644,1743,2050,3773,-93620.0,-1165200.0,-1258820.0,-178.5307
10,10,1.3,100.0,130.0,7051,3815,0.541058,2181,1612,1721,2072,3773,141530.0,-1404143.0,-1262613.0,-179.0686
5,50,1.3,100.0,130.0,7051,3710,0.526167,1592,2097,1644,2045,3668,545360.0,-1817153.0,-1271793.0,-180.3706
15,0,1.2,100.0,120.0,7051,3845,0.545313,2335,1485,1745,2075,3800,-172490.0,-1115316.0,-1287806.0,-182.6416
5,10,1.0,100.0,100.0,7051,3710,0.526167,2298,1391,1644,2045,3668,103130.0,-1397810.0,-1294680.0,-183.6165
5,125,1.6,100.0,160.0,7051,3710,0.526167,1478,2211,1644,2045,3668,937380.0,-2236496.0,-1299116.0,-184.2456
5,30,1.2,100.0,120.0,7051,3710,0.526167,1801,1888,1644,2045,3668,375510.0,-1677372.0,-1301862.0,-184.6351
5,20,1.2,100.0,120.0,7051,3710,0.526167,2011,1678,1644,2045,3668,359250.0,-1677372.0,-1318122.0,-186.9411
10,50,1.6,100.0,160.0,7051,3815,0.541058,1580,2213,1721,2072,3773,408160.0,-1728176.0,-1320016.0,-187.2098
10,30,1.5,100.0,150.0,7051,3815,0.541058,1750,2043,1721,2072,3773,296070.0,-1620165.0,-1324095.0,-187.7883
5,40,1.2,100.0,120.0,7051,3710,0.526167,1661,2028,1644,2045,3668,349980.0,-1677372.0,-1327392.0,-188.2559
20,0,1.6,100.0,160.0,7051,3818,0.541483,2149,1644,1743,2050,3773,-93620.0,-1242880.0,-1336500.0,-189.5476
15,0,1.27,100.0,127.0,7051,3845,0.545313,2335,1485,1745,2075,3800,-172490.0,-1180376.1,-1352866.1,-191.8687
10,20,1.6,100.0,160.0,7051,3815,0.541058,1933,1860,1721,2072,3773,372590.0,-1728176.0,-1355586.0,-192.2544
5,100,1.6,100.0,160.0,7051,3710,0.526167,1489,2200,1644,2045,3668,875090.0,-2236496.0,-1361406.0,-193.0798
5,75,1.5,100.0,150.0,7051,3710,0.526167,1508,2181,1644,2045,3668,734500.0,-2096715.0,-1362215.0,-193.1946
10,40,1.5,100.0,150.0,7051,3815,0.541058,1633,2160,1721,2072,3773,256230.0,-1620165.0,-1363935.0,-193.4385
10,10,1.4,100.0,140.0,7051,3815,0.541058,2181,1612,1721,2072,3773,141530.0,-1512154.0,-1370624.0,-194.3872
15,0,1.3,100.0,130.0,7051,3845,0.545313,2335,1485,1745,2075,3800,-172490.0,-1208259.0,-1380749.0,-195.8231
5,30,1.27,100.0,127.0,7051,3710,0.526167,1801,1888,1644,2045,3668,375510.0,-1775218.7,-1399708.7,-198.5121
5,50,1.4,100.0,140.0,7051,3710,0.526167,1592,2097,1644,2045,3668,545360.0,-1956934.0,-1411574.0,-200.1949
5,20,1.27,100.0,127.0,7051,3710,0.526167,2011,1678,1644,2045,3668,359250.0,-1775218.7,-1415968.7,-200.8181
5,40,1.27,100.0,127.0,7051,3710,0.526167,1661,2028,1644,2045,3668,349980.0,-1775218.7,-1425238.7,-202.1328
10,0,1.0,100.0,100.0,7051,3815,0.541058,2516,1277,1721,2072,3773,-347280.0,-1080110.0,-1427390.0,-202.438
10,30,1.6,100.0,160.0,7051,3815,0.541058,1750,2043,1721,2072,3773,296070.0,-1728176.0,-1432106.0,-203.1068
5,10,1.1,100.0,110.0,7051,3710,0.526167,2298,1391,1644,2045,3668,103130.0,-1537591.0,-1434461.0,-203.4408
5,30,1.3,100.0,130.0,7051,3710,0.526167,1801,1888,1644,2045,3668,375510.0,-1817153.0,-1441643.0,-204.4594
5,20,1.3,100.0,130.0,7051,3710,0.526167,2011,1678,1644,2045,3668,359250.0,-1817153.0,-1457903.0,-206.7654
5,40,1.3,100.0,130.0,7051,3710,0.526167,1661,2028,1644,2045,3668,349980.0,-1817153.0,-1467173.0,-208.0801
10,40,1.6,100.0,160.0,7051,3815,0.541058,1633,2160,1721,2072,3773,256230.0,-1728176.0,-1471946.0,-208.7571
15,0,1.4,100.0,140.0,7051,3845,0.545313,2335,1485,1745,2075,3800,-172490.0,-1301202.0,-1473692.0,-209.0047
10,10,1.5,100.0,150.0,7051,3815,0.541058,2181,1612,1721,2072,3773,141530.0,-1620165.0,-1478635.0,-209.7057
5,75,1.6,100.0,160.0,7051,3710,0.526167,1508,2181,1644,2045,3668,734500.0,-2236496.0,-1501996.0,-213.0189
10,0,1.1,100.0,110.0,7051,3815,0.541058,2516,1277,1721,2072,3773,-347280.0,-1188121.0,-1535401.0,-217.7565
5,50,1.5,100.0,150.0,7051,3710,0.526167,1592,2097,1644,2045,3668,545360.0,-2096715.0,-1551355.0,-220.0191
15,0,1.5,100.0,150.0,7051,3845,0.545313,2335,1485,1745,2075,3800,-172490.0,-1394145.0,-1566635.0,-222.1862
5,10,1.2,100.0,120.0,7051,3710,0.526167,2298,1391,1644,2045,3668,103130.0,-1677372.0,-1574242.0,-223.2651
5,30,1.4,100.0,140.0,7051,3710,0.526167,1801,1888,1644,2045,3668,375510.0,-1956934.0,-1581424.0,-224.2836
10,10,1.6,100.0,160.0,7051,3815,0.541058,2181,1612,1721,2072,3773,141530.0,-1728176.0,-1586646.0,-225.0243
5,20,1.4,100.0,140.0,7051,3710,0.526167,2011,1678,1644,2045,3668,359250.0,-1956934.0,-1597684.0,-226.5897
5,40,1.4,100.0,140.0,7051,3710,0.526167,1661,2028,1644,2045,3668,349980.0,-1956934.0,-1606954.0,-227.9044
10,0,1.2,100.0,120.0,7051,3815,0.541058,2516,1277,1721,2072,3773,-347280.0,-1296132.0,-1643412.0,-233.075
15,0,1.6,100.0,160.0,7051,3845,0.545313,2335,1485,1745,2075,3800,-172490.0,-1487088.0,-1659578.0,-235.3677
5,10,1.27,100.0,127.0,7051,3710,0.526167,2298,1391,1644,2045,3668,103130.0,-1775218.7,-1672088.7,-237.1421
5,50,1.6,100.0,160.0,7051,3710,0.526167,1592,2097,1644,2045,3668,545360.0,-2236496.0,-1691136.0,-239.8434
5,10,1.3,100.0,130.0,7051,3710,0.526167,2298,1391,1644,2045,3668,103130.0,-1817153.0,-1714023.0,-243.0893
10,0,1.27,100.0,127.0,7051,3815,0.541058,2516,1277,1721,2072,3773,-347280.0,-1371739.7,-1719019.7,-243.798
5,30,1.5,100.0,150.0,7051,3710,0.526167,1801,1888,1644,2045,3668,375510.0,-2096715.0,-1721205.0,-244.1079
5,20,1.5,100.0,150.0,7051,3710,0.526167,2011,1678,1644,2045,3668,359250.0,-2096715.0,-1737465.0,-246.414
5,40,1.5,100.0,150.0,7051,3710,0.526167,1661,2028,1644,2045,3668,349980.0,-2096715.0,-1746735.0,-247.7287
10,0,1.3,100.0,130.0,7051,3815,0.541058,2516,1277,1721,2072,3773,-347280.0,-1404143.0,-1751423.0,-248.3936
5,10,1.4,100.0,140.0,7051,3710,0.526167,2298,1391,1644,2045,3668,103130.0,-1956934.0,-1853804.0,-262.9136
10,0,1.4,100.0,140.0,7051,3815,0.541058,2516,1277,1721,2072,3773,-347280.0,-1512154.0,-1859434.0,-263.7121
5,30,1.6,100.0,160.0,7051,3710,0.526167,1801,1888,1644,2045,3668,375510.0,-2236496.0,-1860986.0,-263.9322
5,20,1.6,100.0,160.0,7051,3710,0.526167,2011,1678,1644,2045,3668,359250.0,-2236496.0,-1877246.0,-266.2383
5,40,1.6,100.0,160.0,7051,3710,0.526167,1661,2028,1644,2045,3668,349980.0,-2236496.0,-1886516.0,-267.553
5,0,1.0,100.0,100.0,7051,3710,0.526167,2664,1025,1644,2045,3668,-557040.0,-1397810.0,-1954850.0,-277.2444
10,0,1.5,100.0,150.0,7051,3815,0.541058,2516,1277,1721,2072,3773,-347280.0,-1620165.0,-1967445.0,-279.0306
5,10,1.5,100.0,150.0,7051,3710,0.526167,2298,1391,1644,2045,3668,103130.0,-2096715.0,-1993585.0,-282.7379
10,0,1.6,100.0,160.0,7051,3815,0.541058,2516,1277,1721,2072,3773,-347280.0,-1728176.0,-2075456.0,-294.3492
5,0,1.1,100.0,110.0,7051,3710,0.526167,2664,1025,1644,2045,3668,-557040.0,-1537591.0,-2094631.0,-297.0686
5,10,1.6,100.0,160.0,7051,3710,0.526167,2298,1391,1644,2045,3668,103130.0,-2236496.0,-2133366.0,-302.5622
5,0,1.2,100.0,120.0,7051,3710,0.526167,2664,1025,1644,2045,3668,-557040.0,-1677372.0,-2234412.0,-316.8929
5,0,1.27,100.0,127.0,7051,3710,0.526167,2664,1025,1644,2045,3668,-557040.0,-1775218.7,-2332258.7,-330.7699
5,0,1.3,100.0,130.0,7051,3710,0.526167,2664,1025,1644,2045,3668,-557040.0,-1817153.0,-2374193.0,-336.7172
5,0,1.4,100.0,140.0,7051,3710,0.526167,2664,1025,1644,2045,3668,-557040.0,-1956934.0,-2513974.0,-356.5415
5,0,1.5,100.0,150.0,7051,3710,0.526167,2664,1025,1644,2045,3668,-557040.0,-2096715.0,-2653755.0,-376.3658
5,0,1.6,100.0,160.0,7051,3710,0.526167,2664,1025,1644,2045,3668,-557040.0,-2236496.0,-2793536.0,-396.19
